USE SkillsTracker
 
CREATE USER [NT AUTHORITY\SYSTEM] FOR LOGIN [NT AUTHORITY\SYSTEM]
EXEC sp_addrolemember N'db_owner', N'NT AUTHORITY\SYSTEM'
 
 DECLARE @CurrentMigration [nvarchar](max)

IF object_id('[dbo].[__MigrationHistory]') IS NOT NULL
    SELECT @CurrentMigration =
        (SELECT TOP (1) 
        [Project1].[MigrationId] AS [MigrationId]
        FROM ( SELECT 
        [Extent1].[MigrationId] AS [MigrationId]
        FROM [dbo].[__MigrationHistory] AS [Extent1]
        WHERE [Extent1].[ContextKey] = N'SkillsTracker.DAL.Migrations.Configuration'
        )  AS [Project1]
        ORDER BY [Project1].[MigrationId] DESC)

IF @CurrentMigration IS NULL
    SET @CurrentMigration = '0'

IF @CurrentMigration < '201805031437486_AddedSkillsTable'
BEGIN
    CREATE TABLE [dbo].[Skills] (
        [Skill_ID] [int] NOT NULL IDENTITY,
        [Skill_Name] [nvarchar](max) NOT NULL,
        CONSTRAINT [PK_dbo.Skills] PRIMARY KEY ([Skill_ID])
    )
    CREATE TABLE [dbo].[__MigrationHistory] (
        [MigrationId] [nvarchar](150) NOT NULL,
        [ContextKey] [nvarchar](300) NOT NULL,
        [Model] [varbinary](max) NOT NULL,
        [ProductVersion] [nvarchar](32) NOT NULL,
        CONSTRAINT [PK_dbo.__MigrationHistory] PRIMARY KEY ([MigrationId], [ContextKey])
    )
    INSERT [dbo].[__MigrationHistory]([MigrationId], [ContextKey], [Model], [ProductVersion])
    VALUES (N'201805031437486_AddedSkillsTable', N'SkillsTracker.DAL.Migrations.Configuration',  0x1F8B0800000000000400CD57CD6EE33610BE17E83B103CB54056CCCFA50DE45D64EDA4301A27C12ABBD78296C60E11FEA82415D8CFD6431FA9AFD0A17E6D494EB2D93D2C7C91C8E1CC371FBF9991FFFBE7DFF8C34649F204D609A327F4243AA604746A32A1D7135AF8D5BBDFE887F73FFF145F666A43BE347667C10E4F6A37A10FDEE7E78CB9F40114779112A935CEAC7C941AC57866D8E9F1F1EFECE48401BAA0E88B90F853A1BD5050BEE0EBD4E814725F70B930194857AFE34E527A25375C81CB790A139A3C0A29DDBDE5E923D86876714DC985141C812420579470AD8DE71E619E7F7690786BF43AC97181CBFB6D0E68B7E2D2410DFFBC337F6D26C7A72113D61D6C5CA585F3467DA5C393B39A1AD63FFE2682694B1D92778924FB6DC8BA24B0E18E927EA8F3A9B4C1ACCF6EE940808BAAE52332BE7DD40A03F5137E47645A485F58986828BCE5F288DC154B29D23F617B6F1E414F7421E52E56448B7B7B0BB874674D0ED66F3FC16A3783794609DB3FCCFAA7DBB3FD83559E73EDCF4E29B941187C29A115C50E27893716FE000D967BC8EEB8F760F14EE71994B40E208C050C8F4D4894221615250BBEB906BDF60F138A8F945C890D64CD4A0DE3B316588378C8DB024660EE868E5977CFC3DBC7D2F25C60127B12A86F306CC2C68F08024BA7D684AB41EC275B394FC0F794D541A9EA316A36C610B7D8BA7A6755C1378D811DE80CF182E739B2B9D329EA1592546D62FA2EF9FA0252950F96BA913A6AD1B69150207C0DBD5D0C8D48AF84757EC63D5FF2705FD34C0DCC466FE200CB4DC83DB2FBD5D271DF9887E7916B0F5D331A77D2117985B929947A9926B4480E452F8F262997DC1EAABCA99185D23B8B7FCD67FD2A7AD15155514357D5FAD059CC7AF9F4596303DA7A9DA57F09CF09B96FD2466F05DD136E5C8BE8E5B9375055654209B2F424B252515BE74145C1204AFE96532930DFCE60C1B55881F35507A6387B4E7BB3F3C79963CCB94CBE6A98BD75888C88EF9553A43C59B53811F87D71503CDBBE0F05D91D1DFA89DBF481DB5F14DFFCFA5DC7C1B0577D639FAF5439A1D9D220FA0AE537CE806189C46CF703329E8113EBCE45F89CD49006ED754E1B9BB95E99866F4C6B175163D2BB8E05789E213B17D68B154F3D6EA7E05C39CBBF7059A0C9A55A4236D7B785CF0B7FE11CA8A5DCFB4088D9F3F1CB41B78F39BECDC39BFB1E29204C8129C0ADFE580899B5B8AF46E473C045104AAD714485DF32E86EBD6D3DDD18FD4A47357D33C841870AB907954B74E66E75C29FE02DD8F063E51AD63CDD369DEEB093972F629FF67826F8DA72E56A1FDDF9F0A788857F45EFFF0709CC5620470D0000 , N'6.2.0-61023')
END

IF @CurrentMigration < '201805031459217_AddedAssociateTable'
BEGIN
    CREATE TABLE [dbo].[Associates] (
        [Associate_ID] [int] NOT NULL,
        [Name] [nvarchar](max) NOT NULL,
        [Email] [nvarchar](max) NOT NULL,
        [Mobile] [nvarchar](max),
        [Picture] [nvarchar](max),
        [Status_Green] [bit] NOT NULL,
        [Status_Blue] [bit] NOT NULL,
        [Status_Red] [bit] NOT NULL,
        [Level_1] [bit] NOT NULL,
        [Level_2] [bit] NOT NULL,
        [Level_3] [bit] NOT NULL,
        [Remark] [nvarchar](max),
        [Strength] [nvarchar](max),
        [Weakness] [nvarchar](max),
        CONSTRAINT [PK_dbo.Associates] PRIMARY KEY ([Associate_ID])
    )
    INSERT [dbo].[__MigrationHistory]([MigrationId], [ContextKey], [Model], [ProductVersion])
    VALUES (N'201805031459217_AddedAssociateTable', N'SkillsTracker.DAL.Migrations.Configuration',  0x1F8B0800000000000400CD59DB6EE336107D2FD07F10F4D402592BB65FDA40DE45626F16467343946C1F035A1A3B44284A25A9C0FEB67DE827F5173AD4FD66C7B29C60B1C0221E92672E1CCD1C8DFEFBF1AFFD65ED33E31584A4019F98C3C1A9690077038FF2D5C48CD4F2D31FE697CFBFFE627FF5FCB5F13DDB37D6FBF0249713F359A9F0CCB2A4FB0C3E91039FBA2290C1520DDCC0B7881758A3D3D33FADE1D002843011CB30ECFB882BEA43FC037F4E03EE42A822C2AE030F984CE5B8E2C4A8C60DF14186C48589E9BC50C6E48320EE0B88C1ECFCCA34CE19256888036C691A84F3401185669E3D4A709408F8CA095140D8C32604DCB7244C426AFE59B17D5F4F4E47DA13AB389841B9915481DF1170384E4363D58F1F1460330F1D06EF2B06596DB4D7710027E6B994814B8942EFEBDACEA64CE89DF500C71814E4203F7B62B4EF38C9D303B348FF3B31A61153918009874809C24E8CBB68C1A8FB176C1E8217E0131E3156B6186DC6B58A004577220841A8CD3D2CEB7ECC3DD3B0AA00561D213FDF76387179CED578641A37680E5930C853A4141E470502BE01078127BD3BA21408BCE19B8043C3849A42FD7FA609F3119F2CD3B826EB2BE02BF53C31F14FD3B8A46BF03249AAFD91537C10F1901211B458B75BEB579F50F6F16AAF830565C77077B79A3BEAEACC7A773D0E5E7F24BF09009EE9BA08020684778E4C0275C122380ED23D787D81AEE015D8F02828A3A3A08CFBA2DC6389142F1F9016223EFDEE8AFE06F2C241CA232BB2ADA237ECEC1849A93FA05D24E29FA057C4061CD227F2837D7BC4DC8338AC6F269556F811CD62F7ED23195384A2139514486F502FC25AB5240492AD3427646A44D5D904DC01D5E422853509891B94D6ACDD28597E3620B28536BF730F0B9E6925443323A4D616466A5F9330C43B2931D4546238093D9D7E72BA13373FC1B05CD9C2DF726B734D98666405B555548D965E5221D58C28B220FAD6A79EDFD8D67A9F5BA29CA9AC5F59FDB12BC29F9DD07FB7E48F26EC83AD3845382FD1431F1F9BD859C8EDD961437CDA7109236217E19B062CF2796DE1693EAB67DA2EC0E4192D232592FD11527256864845FB63644CAB0C92C9F647C98954192617EE8F53214A65AC64E1295DE90A98D0A516BC64A12B5CCC995AD062F9FE60196F2A23C5B2A7616798511BCCA833CCB80D66DC0526A34E65984CD625CE1933AA863993EE8F54509F3252216D22D956AD7AD4CB94D5A853354E502F7C7B95C5B4D5F4AB89ED207B14C46D07B75E50466B2AF7A3851DAB6089AE34A1B615C477BDA2467FAF6FC9B5E77DBED6CFEDB4B7BE3D866A34DB648B6960945EA91737DA8D54E00FF48681F30F9B328AFE161BAE09A74B902AA1B7E6E87438AA8DB27E9EB19225A5C7F69D2DF519E8B4E46087894E7C3A21815487BAE3CB63997BF35722DC67227EF3C9FAF77EC3977E50D581CA56AC038626BDB0AA6D3D015CD0EE31AFB4F3DE30A599C82128790FEF0B31EA0F31EE03511D83F4BCE8EAA8A317587D9CD101ACEBC8E2D051C14115A83859AA3E6F8E03BAE678A9B376AF2CDD5EFA9BEF9247799B4F9AE4C4F41601FA90D89A2F37385DF7B7FD36FC9E93802623B0ADF2E72B7B0692AE0A08FD318B83AB5B6D019AED99F36590DD2ABA55B628DB522FFFA0888777702E145D1257E1B28B0F503C17FA4EB06AEA66B3006FCE6F2315460AA309FE8255864DB6B55B7F3CEEA8DA6CDF86FA973C860B68264517E0965F449479B9DD972D49BA0542A763FA24A1555892106EB5C9919A5F61B601A5E19B41085C3F870FE0874CE7DE2D77C82B1C62DBA3842B5811779311BBED206F5F4435ECF68C929520BE4C318AF3FA93ACA5BFC97EFE1FCF0C3C59C51D0000 , N'6.2.0-61023')
END

IF @CurrentMigration < '201805031510441_AddedAssociateSkillsTable'
BEGIN
    CREATE TABLE [dbo].[AssociateSkills] (
        [AssociateSkillsId] [int] NOT NULL IDENTITY,
        [Associate_ID] [int] NOT NULL,
        [Skill_ID] [int] NOT NULL,
        [Rating] [int] NOT NULL,
        CONSTRAINT [PK_dbo.AssociateSkills] PRIMARY KEY ([AssociateSkillsId])
    )
    CREATE INDEX [IX_Associate_ID] ON [dbo].[AssociateSkills]([Associate_ID])
    CREATE INDEX [IX_Skill_ID] ON [dbo].[AssociateSkills]([Skill_ID])
    ALTER TABLE [dbo].[AssociateSkills] ADD CONSTRAINT [FK_dbo.AssociateSkills_dbo.Associates_Associate_ID] FOREIGN KEY ([Associate_ID]) REFERENCES [dbo].[Associates] ([Associate_ID]) ON DELETE CASCADE
    ALTER TABLE [dbo].[AssociateSkills] ADD CONSTRAINT [FK_dbo.AssociateSkills_dbo.Skills_Skill_ID] FOREIGN KEY ([Skill_ID]) REFERENCES [dbo].[Skills] ([Skill_ID]) ON DELETE CASCADE
    INSERT [dbo].[__MigrationHistory]([MigrationId], [ContextKey], [Model], [ProductVersion])
    VALUES (N'201805031510441_AddedAssociateSkillsTable', N'SkillsTracker.DAL.Migrations.Configuration',  0x1F8B0800000000000400CD5BDB6EE336107D2FD07F10F4D416592BB65FDAC0DE45E2240BA3B9214EB67D0B6869EC10A12855A4020745BFAC0FFDA4FE4249499475B54549498D0049CCCB99E1F070389A91FFFDFB9FC9978D4B8C570818F6E8D41C0E8E4D03A8ED3998AEA766C8579F7E36BF7CFEFEBBC985E36E8C6F6ADC588E1333299B9ACF9CFB2796C5EC6770111BB8D80E3CE6ADF8C0F65C0B399E353A3EFEC51A0E2D1010A6C0328CC97D48397621FA203ECE3C6A83CF4344AE3D07084BDA45CF2242356E900BCC47364CCDC50B26843D04C87E8160707E7A651AA70423A1C802C8CA3410A51E475CA879F2C860C1038FAE17BE6840E4E1CD07316E85088344FD93EDF0A62B391EC99558DB890ACA0E19F75C4DC0E138318D559CDECAC0666A3A61BC0B6164FE26571D19706A9E32E6D91871B1FAA2B4931909E4C8A281230C0C6C90CE3D32AA471CA5F4102C923F47C62C243C0C604A21E4012247C65DB824D8FE15DE1EBC17A0531A1292D558E82CFA720DA2E92EF07C08F8DB3DAC8AEB983BA661E501AC22423ABF6A72BCE439E5E39169DC0875D092404A918C7916DC0BE02B5008C44CE70E710E81D8E11B8F4249858240F95B49127C1427CB34AED1E60AE89A3F4F4DF1AF695CE20D38AA2591FE48B1388862120F42A8D06EB7D40B1761F2F162AFBD25267D2C77B7983B6C4B66BDBB9C85D8FE907D0D00A89275E6790410D5B64C0C754642E807E91E9CAE4057F00A64D80BCAA817947157947BE12283970FA04510CD7E7741BF017AA1C058CF8226D6F66E687663C43EBFCBBD11F71FD2ED116BD2E90ED94274BD49E60E44C6DFC7088DEB6B0F87A5EA5D41EEC59A241FB5306ED02B5E47C6A85B9B69DC038946B067ECC7A15D91494F99D19781E7DE7BA4BC33DB414F0B2F0C6CE97BBD7D231F50B006DE5C6D75361AE8AC86D62BACFEECD136F953A56AE3C3DDFA4C1FCC514E39AC7B801B92BFBF631B09FC8848B06EF71581C45AAA9D58E63CE55772411DA3F1E18AD756417DB1524102EC8B6D17DA4DCD9F4A166B2247F1BD4A4E51C2D02C12E8969E03010EC6A91D3FA0CD10B39153F650C2864EBE45700E02B9D58888A75526588C292F1314531BFB88345D470140F761476A9ACA2CF69C830F54B2B3E9E6F5A04C2AB360CE7DD69B58197AEAB1366157532A15DDEBBBF0B5E09C3342AAB10F8FA9F9153461468D2BEE44D1FC6675D4A2776EC67E56CCE1620604B94B35B91365276C78C515FBC820B96559E2D68BE492E00BE0E5D068EBDFCB1EB044D11A14C5C37A2C35620F622D50CDFC8C2D6BD5CA467699F17BC3C0E296EB5C5CE9BA2A8C54E292CE4D55055C3EC579B3B43099D275BFBDAA1CA68ECBECC952051F9941AD614EBD8D54C8931EC56DFED88A13C82AD16CD5649A27D7C8F7453896C93C272DC6224E3BCF3E2DF413B26E8C61D9AC222F9B6A9B4A1211265A43A15788169A5EE280F173C4D112C9806FE6B8A561958EA7E6F02A9145DF52DE3E75AAD50CF97F85A39389F8412DCED69C976285AE74F851385D79364A73A332002228D8F5243CF348E8D242C7D3FCBCCCC97AC0383CCF22C52DCD1192A46B1622696A8EA132A85910D5D61C254D906661D2C6E638B90468162BEE784A7A7401E33468055EDCA10B17E5422BD0A2F6E6602A1F9A458ADA9E86DA30A32A989136CCB80A66AC03A352A25918D5A6636795F1CC9B59B53647DAA634B348DBD632D2C42A788F526C57F253A52039EFF8F4DC62ED8DD9CA3956A3E9B8C83A84BD8E729BADAC749775F9D046D87D39E13482CFF14C366A02A9D4648EF749DBC170AC176AB566942E917ADB9B4C36AC0C5577E9BEEB169562C8E290547A1A4B1662C64912BFED7F85A114D0C5434C4358E9153B5130F7C638B8033960B0F883CC0816EBDD0EB84614AF80F1387B6A8E8E87A3C26B1087F34A82C598439ABE97D0A59C53C1418D4A4E343B7E7EC5D2D49A85906C6A97BEA2C07E46C10F2EDAFCD8AD70DF0D2A5F8CAFC56A5170EF84950F1D63C025D6B7792E64EC0C93A9A7B74149E3C4AE10A3EE10E32E10F9127AC78DCE97C93B81154BE11A60ADCBDD07565D8E1CD3DE4294E67ED77AC052CE724E1DD84CCD3FA38927C6FCF7A7ECDC23E3361057D389716CFCD5AE18DD420135AF93F07C117BBFF7D72DB0B62D6CB6BAD02A2DD93767B2819AFE45F52125CAFFA146589BECEC5667EA56D0D12BEB55C6F1ED2B38BD083FBCA262C5AE7E4061EF90E8A5B1BDF5CF87EFCCAB5D823FA818584EDDF752E58B9F17A7A6B3F4C4DEC77E36EDDE5FB36B5105DC29B1AF52619590C32C23362BEBED3EB3CDEB6887551EACD05FBFFCD7D3F2352A7FE5EC8C38ED99AFA10897C3F07A0B21BF9442C1CE9DF374CC9CAE3CE5700A1AA921C54771E0C8114EE034E078856C2EBA6DF13013C59DDF907882950FFE4B70E6F436E47EC8C592C15D92DC7B65D26DED921F9537F33A4F6EFDE88DC43E9620D4C46209704BCF424C9C54EFCB8A08AF0642FAC3240C957BC96538BA7E4B91CADFA6A8034ACC97BAF107707D229DDF2D5DA05768A3DB23832B5823FB4D25D9EA41F66F44DEEC93738CD601725982B19D2F3E0A0E3BEEE6F37F542BBE9D8D350000 , N'6.2.0-61023')
END

IF @CurrentMigration < '201805031514472_UpdatedAssociateSkillsIdColumnName'
BEGIN
    EXECUTE sp_rename @objname = N'dbo.AssociateSkills.AssociateSkillsId', @newname = N'Associate_Skills_ID', @objtype = N'COLUMN'
    INSERT [dbo].[__MigrationHistory]([MigrationId], [ContextKey], [Model], [ProductVersion])
    VALUES (N'201805031514472_UpdatedAssociateSkillsIdColumnName', N'SkillsTracker.DAL.Migrations.Configuration',  0x1F8B0800000000000400CD5BDB6EE336107D2FD07F10F4D416592BB65FDAC0DE45E2240BA3B9214EB67D0B6869EC10A12855A4020745BFAC0FFDA4FE4249499475B54549498D0049CCCB99E1F070389A91FFFDFB9FC9978D4B8C570818F6E8D41C0E8E4D03A8ED3998AEA766C8579F7E36BF7CFEFEBBC985E36E8C6F6ADC588E1333299B9ACF9CFB2796C5EC6770111BB8D80E3CE6ADF8C0F65C0B399E353A3EFEC51A0E2D1010A6C0328CC97D48397621FA203ECE3C6A83CF4344AE3D07084BDA45CF2242356E900BCC47364CCDC50B26843D04C87E8160707E7A651AA70423A1C802C8CA3410A51E475CA879F2C860C1038FAE17BE6840E4E1CD07316E85088344FD93EDF0A62B391EC99558DB890ACA0E19F75C4DC0E138318D559CDECAC0666A3A61BC0B6164FE26571D19706A9E32E6D91871B1FAA2B4931909E4C8A281230C0C6C90CE3D32AA471CA5F4102C923F47C62C243C0C604A21E4012247C65DB824D8FE15DE1EBC17A0531A1292D558E82CFA720DA2E92EF07C08F8DB3DAC8AEB983BA661E501AC22423ABF6A72BCE439E5E39169DC0875D092404A918C7916DC0BE02B5008C44CE70E710E81D8E11B8F4249858240F95B49127C1427CB34AED1E60AE89A3F4F4DF1AF695CE20D38AA2591FE48B1388862120F42A8D06EB7D40B1761F2F162AFBD25267D2C77B7983B6C4B66BDBB9C85D8FE907D0D00A89275E6790410D5B64C0C754642E807E91E9CAE4057F00A64D80BCAA817947157947BE12283970FA04510CD7E7741BF017AA1C058CF8226D6F66E687663C43EBFCBBD11F71FD2ED116BD2E90ED94274BD49E60E44C6DFC7088DEB6B0F87A5EA5D41EEC59A241FB5306ED02B5E47C6A85B9B69DC038946B067ECC7A15D91494F99D19781E7DE7BA4BC33DB414F0B2F0C6CE97BBD7D231F50B006DE5C6D75361AE8AC86D62BACFEECD136F953A56AE3C3DDFA4C1FCC514E39AC7B801B92BFBF631B09FC8848B06EF71581C45AAA9D58E63CE55772411DA3F1E18AD756417DB1524102EC8B6D17DA4DCD9F4A166B2247F1BD4A4E51C2D02C12E8969E03010EC6A91D3FA0CD10B39153F650C2864EBE45700E02B9D58888A75526588C292F1314531BFB88345D470140F761476A9ACA2CF69C830F54B2B3E9E6F5A04C2AB360CE7DD69B58197AEAB1366157532A15DDEBBBF0B5E09C3342AAB10F8FA9F9153461468D2BEE44D1FC6675D4A2776EC67E56CCE1620604B94B35B91365276C78C515FBC820B96559E2D68BE492E00BE0E5D068EBDFCB1EB044D11A14C5C37A2C35620F622D50CDFC8C2D6BD5CA467699F17BC3C0E296EB5C5CE9BA2A8C54E292CE4D55055C3EC579B3B43099D275BFBDAA1CA68ECBECC952051F9941AD614EBD8D54C8931EC56DFED88A13C82AD16CD5649A27D7C8F7453896C93C272DC6224E3BCF3E2DF413B26E8C61D9AC222F9B6A9B4A1211265A43A15788169A5EE280F173C4D112C9806FE6B8A561958EA7E6F02A9145DF52DE3E75AAD50CF97F85A39389F8412DCED69C976285AE74F851385D79364A73A332002228D8F5243CF348E8D242C7D3FCBCCCC97AC0383CCF22C52DCD1192A46B1622696A8EA132A85910D5D61C254D906661D2C6E638B90468162BEE784A7A7401E33468055EDCA10B17E5422BD0A2F6E6602A1F9A458ADA9E86DA30A32A989136CCB80A66AC03A352A25918D5A6636795F1CC9B59B53647DAA634B348DBD632D2C42A788F526C57F253A52039EFF8F4DC62ED8DD9CA3956A3E9B8C83A84BD8E729BADAC7697C99DACE7357B77C3690C9F639A6CD40452C9C91CF393B68361592FE46ACD295D2AF5B637997C5819AAEEDA7DD72D2A4591C521A9F4349A2C448D932482DBFF124329A48B879886B0D22B76A270EE8D71700772C060F10799112CD6BB1D708D285E01E371FED41C1D0F478517210EE7A5048B3187347D33A14B41A782831AB59C6876FC048BA5A9354B21D9E42E7D4581FD8C821F5CB4F9B15BE9BE1B54BE1C5F8BD5A2E4DE092B1F3CC6804BAC6FF35CD0D8192653516F8392468A5D2146DD21C65D20F245F48E1B9D2F9477022B16C335C05A17BC3BB9A3DA784AC72B654032CE696F394A73CF6BBD60297339A70E6CA6E69FD1C41363FEFB5376EE91711B88EBE9C43836FE6A57926EA1809AD74978BE94BDFF06D02DB3B62D6FB6A24FA525FBE64C3658D3BFAC3EA450F93F540A6B539EDDAA4DDDCA3A7AC5BDCA58BE7D1DA717E187575AACD8D50F28EF1D12BD34B6B7FE19F19D79B54BF0079504CB09FC5E6A7DF133E3D474969ED8FBD8CFA6DDFB2B772D6A813B25F65530AC127298C5C466C5BDDD67B67935EDB08A8415FAEB17017B5ABE46FDAF9CA111A73DF36514E172185E6F21E4575328D8B9739E8E99D395A71C4E412335A4F8380E1C39C2099C061CAF90CD45B72D1E68A2B8F31B124FB1F2E17F09CE9CDE86DC0FB95832B84B927BBB4CBAAD5DF2A322675EE7C9AD1FBD97D8C712849A582C016EE959888993EA7D5911E1D540487F9884A1722FB90C47D76F2952F93B15754089F95237FE00AE4FA4F3BBA50BF40A6D747B6470056B64BFA9445B3DC8FE8DC89B7D728ED13A402E4B30B6F3C547C161C7DD7CFE0FD752DCF693350000 , N'6.2.0-61023')
END

IF @CurrentMigration < '201805060518104_AddedGenderColumnToAssociateTable'
BEGIN
    ALTER TABLE [dbo].[Associates] ADD [Gender] [nvarchar](1)
    INSERT [dbo].[__MigrationHistory]([MigrationId], [ContextKey], [Model], [ProductVersion])
    VALUES (N'201805060518104_AddedGenderColumnToAssociateTable', N'SkillsTracker.DAL.Migrations.Configuration',  0x1F8B0800000000000400CD5BDB6EE336107D2FD07F10F4D416592B765EDAC0DE45D6D92C8CE68638D9F62DA0A5B14384A25C910A1C14FDB23EF493FA0B1D5D28EB6A8B92921A01929822CF0C8787C3E18CFCEFDFFF8C3F6D5C66BC802FA8C727E670706C1AC06DCFA17C353103B9FCF0B3F9E9E3F7DF8DBF38EEC6F8A6FA9D84FD70241713F349CAF5A96509FB095C22062EB57D4F784B39B03DD7228E678D8E8F7FB186430B10C2442CC318DF055C5217A20FF871EA711BD63220ECCA738089A41D9FCC2354E39AB820D6C48689397FA68C897B9FD8CFE00FCECF2E4DE38C51828ACC812D4D8370EE492251CDD3070173E97B7C355F630361F7AF6BC07E4BC20424EA9F6EBB379DC9F1289C89B51DA8A0EC4048CFD5041C9E24A6B18AC35B19D84C4D87C6FB824696AFE1AC23034ECC33213C9B1289B32F4A3B9D323FEC5934708441410CD2B14746758FA3941EC8A2F0E7C898064C063E4C3804D227ECC8B80D168CDABFC2EBBDF70C7CC203C6B21AA3CEF82CD7804DB7BEB7065FBEDEC1B2388F99631A561EC02A22A4E3AB06C7539E717932328D6B54872C18A414C998672E3D1FBE02071F473AB7444AF07185AF3D0E25150A02C3DF4A12F2117796695C91CD25F0957C9A98F8AF695CD00D38AA2591FEC0296E441C24FD002AB4DB2DF58B4B287B7FB157DE82B23EA6BB5BCC2DB54366BDB99C392E7F20BEFA005CC9FAEC790C08D7B64C0CF59905D00FD21D385D812EE105D8B01794512F28275D51EED045FACFEF400B3F1AFDE6827E03F2CC4188371784AECD017F8798A1B690B1B53D809A1D4BF1C1D2E5708A9F1FD211156BD2E9A0DA42743DAE660E44C6DFC7068D3372CF460955EF0A7287730AD9A885714D5EE82A3246DDDC4CE30E58D4433CD1751C3F1699F498E97DE17BEE9DC7CA2BB3EDF438F702DF0E1DBCB7AFE73DF157209BABADF646039D55D77A85D59F3DDA267FAA546DBCB95BEFE983D9CA298775377043F2F7B76D2381EF116ED6ADBE2210CEA5DA8965F6537E265FB86334DE5CF1DC2AA88F334512D0352E3B6A37317F2A59AC891CC5F72A39450943B348A01B7E0E0C241867767C0B9C126113A7ECA1D0864EBE0539077EB8D484E19558208B29976582526ED335614DE75100D0BD51859AA6328B4FCE611D060E5C365DBC1E94496516CCB9CF7A632B434F3DD626EC6A4AA5A27B7D13BE169C73464835F6E131353F8326CCA871C59D289A5FAC8E5AF4CECDD8CFE2188923C0CF1DAAC999183E848DAC38621F0424A7AC48DC7A915C21F81C643934DAFAF7B2072C51B40645F1B01E4BF5D883580B54333E63CB5AB5B2915DA6FFDE30B0B8E43A07573AAF0A2395B8A473525501977771DE2C2D4CA674DD6FAF2A87A9E3327BB254C14766506B98536F2315F2A45B719BA4B6E22CB5CA665B35E9ECF11559AF311CCBA4B79316631EE7B6A71FE6FA595F37C6B06C5191FC4DB54D256184495650788AA251D30BEA0B794E24599030E09B3A6EA95BA5E3A9D9BC4A64D1B794974FED6A3522FCBFC2D185D9FE412DCED69C1738433774F851385DB9374A63A35A0361C4DF75139E7A2C7079E1C1E3ECBCCCC97AC0383CCF22C52DCD1192CC6E1622696A8EA1D2B45910D5D61C25CDC26661D2C6E638B92C6B162B7EF0983CD1058C73AD1578F1035DB828E15A8116B537075349D72C52D4F638D4861955C18CB4614EAA604E746054DE350BA3DA74ECACD2AA7933ABD6E648DBBC691669DBDA1C492546B338AAAD8C32B60A3EA8142196BC5D29D4CEBB4F3DE75A7BEEB672B1D5683A8EB60E61AFBBDDE63CAB9D6E72B2EBF9DEDE9D797A13C8F1356CD4045229CEDCFE49DA0E8665BD90AB35A774A9D4DBDA64B26A65A8BAC3FB4D97A8148B16BBA4D2D398B4107B8E933870FFFB16A5C030EE621A68A517EA4441E1AB90E00EC20E83F91F6CCA28CE77DBE18A70BA0421E32CAC393A1E8E0AEF6C1CCEFB1396100E6BFA124597B2500507352A42D1E8F81E4C43536B1654B22962FE427CFB89F83FB864F363B7B70CBA41E5DF1CA8C56AF1764027AC7C081A032EA8BECD73A16767984CF1BF0D4A1A6F768518758738E90291AFF7775CE87C4DBF1358B16EDF092C5F9B5750C5EAFC2ECCD6A5F84E2EAE3646D3F17419908CC3DB5B28D3E451AD672DE55467B8169B89F96734F0D498FDFE981D7B64DCF8B856A7C6B1F157BB62790B05D4B84EC2F345F6FDA78A6E01B86DE1B5157D2A2DD93767B201A0FE01F82E25D4FFA186599B8CED5607EB5670D22B3B56DE0FDA57987A117E7845CF8A557D87C2E321D14B6379EBEF9D6FCCAB5D82DFA958592E2DF452858CEFA113D35978B8F6B19F4D1FEFAF29B6A852EE94D85729B34AC86196399B951D77EFD9E675BEC32A5F56E8AF5F9EEC69FA1A95C972D607777BE6BB38E872045D6D21C26FE670B073FB3CED33E34B4F399C8246AA4BF18A0F9238E804CE7C4997C496F8D8C64B5214777E2378330E130A0B7066FC2690EB40E294C15DB0DC7B6FA1DBDA253F2ABFE6751EDFACA33726FB9802AA49710A70C33F079439A9DE1715115E0D44E80F9330345C4B1986A3ABD714A9FC95923AA0C47CA91BBF0777CD42E777C3E7E405DAE8F620E01256C47E55C9BB7A90FD0B9137FBF89C92954F5C91606CC7E347E4B0E36E3EFE0738F8096B92360000 , N'6.2.0-61023')
END

IF @CurrentMigration < '201805060656094_UpdatedRatingColumnOfAssociateSkillsTableToSkillRating'
BEGIN
    ALTER TABLE [dbo].[AssociateSkills] ADD [SkillRating] [int] NOT NULL DEFAULT 0
    DECLARE @var0 nvarchar(128)
    SELECT @var0 = name
    FROM sys.default_constraints
    WHERE parent_object_id = object_id(N'dbo.AssociateSkills')
    AND col_name(parent_object_id, parent_column_id) = 'Rating';
    IF @var0 IS NOT NULL
        EXECUTE('ALTER TABLE [dbo].[AssociateSkills] DROP CONSTRAINT [' + @var0 + ']')
    ALTER TABLE [dbo].[AssociateSkills] DROP COLUMN [Rating]
    INSERT [dbo].[__MigrationHistory]([MigrationId], [ContextKey], [Model], [ProductVersion])
    VALUES (N'201805060656094_UpdatedRatingColumnOfAssociateSkillsTableToSkillRating', N'SkillsTracker.DAL.Migrations.Configuration',  0x1F8B0800000000000400CD5BDB6EE336107D2FD07F10F4D416592B765EDAC0DE45D6D92C8CE68638D9F62DA0A5B14384A25C910A1C14FDB23EF493FA0B1D5D28EB6A8B92921A0192989733C3E1E1703423FFFBF73FE34F1B97192FE00BEAF189391C1C9B0670DB73285F4DCC402E3FFC6C7EFAF8FD77E32F8EBB31BEA97127E1389CC9C5C47C92727D6A59C27E029788814B6DDF13DE520E6CCFB588E359A3E3E35FACE1D002843011CB30C6770197D485E8037E9C7ADC86B50C08BBF21C602269C79E79846A5C1317C49AD83031E7CF943171EF13FB19FCC1F9D9A5699C314A509139B0A56910CE3D4924AA79FA20602E7D8FAFE66B6C20ECFE750D386E49988044FDD3EDF0A62B391E852BB1B61315941D08E9B99A80C393C43456717A2B039BA9E9D0785FD0C8F2355C7564C08979268467532271F54569A753E687238B068E302888413AF7C8A81E7194D2035914FE1C19D380C9C087098740FA841D19B7C18251FB5778BDF79E814F78C0585663D419FB720DD874EB7B6BF0E5EB1D2C8BEB9839A661E501AC22423ABF6A72BCE419972723D3B84675C882414A918C79E6D2F3E12B70F071A6734BA4041F77F8DAE35052A12030FCAD24211FF16499C615D95C025FC9A78989FF9AC605DD80A35A12E90F9CE241C449D20FA042BBDD52BFB884B2F7177BE52D28EB63B9BBC5DC523B64D69BCB99E3F607E2AB0FC095ACCF9EC780706DCBC4509F5900FD20DD81D315E8125E800D7B4119F58272D215E50E5DA4FFFC0EB4F0A3D96F2EE83720CF1C84787341E8DA1CF07788196A0B195BDB0BA8D9B5145F2C5D2EA7B8FF90AEA858934E17D516A2EB7535732032FE3E3668DC917B0E4AA87A2F2077B8B090925A40D7E485AE228BD42DD034EE804523C4135DC74164914E8F99D117BEE7DE79ACBC3DDB418F732FF0EDD0CB7BFB46DE137F05B2B9DAEA8034D0590DAD5758FDD9A36DF2A74AD5C627BCF5C13E98F39C1259F714373C01FD9DDD48E07BC49C75BBAF08846BA9F66499F3945FC917EE188D0F57BCB60AEAE34A9104748DDB8EDA4DCC9F4A166B2247F1BD4A4E51C2D02C12E8869F030309C6991D3F0A4E89B08953F650684327DF829C033FDC6AC2F0B958208B29976582526ED335614DD75100D07DAC0A354D65167BCE611D460F5C36DDBC1E94496516CCB9CF7A632B434F3DD626EC6A4AA5A27B7D13BE169C73464835F6E13135BF8226CCA871C59D289ADFAC8E5AF4CECDD8CFE21C8933C0CF5DAAC99D1876C246565CB10F02925B56246EBD48AE107C0EB21C1A6DFD7BD90396285A83A278588FA546EC41AC05AA999FB165AD5AD9C82E337E6F1858DC729D8B2B5D5785914A5CD2B9A9AA80CBA7386F96162653BAEEB75795C3D471993D59AAE02333A835CCA9B7910A79D2A3B8CD545B71AA5AA5B4AD9A9CF6F88AACD7188E6572DC498B318F13DCD30F73FDD4AF1B6358B6A8C800A7DAA69230C2242B28F4A268D4F482FA429E134916240CF8A68E5B1A56E9786A0EAF1259F42DE5ED53A75ACD08FFAF707461CA7F508BB335E705AED00D1D7E144E579E8DD2DCA8E04018F1773D0E4F3D16B8BCD0F1383B2F73B21E300ECFB348714B738424BD9B85489A9A63A85C6D1644B535474953B15998B4B1394E2ED59AC58A3B1E931E5DC038E15A811777E8C24559D70AB4A8BD3998CABC6691A2B6C7A136CCA80A66A40D73520573A203A392AF5918D5A66367955BCD9B59B53647DA264FB348DBD6E6482A3B9AC5516D6594B155F041A508B1E4ED4AA176DE7DEA39D7DA7BB7958BAD46D371B475087BDDED36F159ED74939B5DCFF7F6EECCD327811C5FC3C636402ACF5902531D07C3B75E68D69A5DBAA4EA7797CA17780C55778DBFE91695A2D2E290547A1A9D16A2D0711211EE7FFDA21422C6434C03ADF4429D283C7C1512DC41386030FF834D19C5F56E075C114E9720649C8F3547C7C351E1158EC3799DC212C2614DDFA9E85225AAE0A04681289A1D3F11D3D0D49AF5956CB298BF10DF7E22FE0F2ED9FCD8EDA5836E50F917096AB15ABC2CD0092B1F8CC6800BAA6FF35C10DA1926F32E401B9434F2EC0A31EA0E71D205225FFEEFB8D1F9127F27B06219BF1358BE54AFA08AC5FA5D98AD2BF39D5C5C6DB4A6E3E932201987B7B764A6C9A35ACF5ACAAECE702F3613F3CF68E2A931FBFD313BF7C8B8F171AF4E8D63E3AF7665EF160AA879DD85E76BEEFBAF16DD7A70DB3A6C2B0E559AB36FE264A340FD5BF05D2AAAFF4349B33637DBAD2CD6ADFEA45785AC7C48685F70EA45F8E1D5402B76F51DEA9087442F8DEDAD7FF87C635EED12FC4EB5CB72A5A197A264FC303A319D85877B1FFBD9B47B7F89B145D172A7C4BE2A9B55420EB3EAD9AC0AB9FBCC362FFB1D5635B3427FFD6A654FCBD7285496533F78DA33DFCF419723E86A0B117E5B87839D3BE7E998195F7ACAE1143452438ACFF92089834EE0CC9774496C89DD363E294571E737828FC761566101CE8CDF04721D485C32B80B967B0D2E745BBBE447D5D8BCCEE39B75F402651F4B4035292E016EF8E7803227D5FBA222C2AB8108FD611286867B29C37074F59A2295BF66520794982F75E3F7E0AE59E8FC6EF89CBC401BDD1E045CC28AD8AF2A83570FB27F23F2661F9F53B2F2892B128CED7CFC881C76DCCDC7FF007F16BEC2A6360000 , N'6.2.0-61023')
END

IF @CurrentMigration < '201805081502154_Add_sp_GetDashboardData'
BEGIN                
    INSERT [dbo].[__MigrationHistory]([MigrationId], [ContextKey], [Model], [ProductVersion])
    VALUES (N'201805081502154_Add_sp_GetDashboardData', N'SkillsTracker.DAL.Migrations.Configuration',  0x1F8B0800000000000400CD5BDB6EE336107D2FD07F10F4D416592B765EDAC0DE45D6D92C8CE68638D9F62DA0A5B14384A25C910A1C14FDB23EF493FA0B1D5D28EB6A8B92921A0192989733C3E1E1703423FFFBF73FE34F1B97192FE00BEAF189391C1C9B0670DB73285F4DCC402E3FFC6C7EFAF8FD77E32F8EBB31BEA97127E1389CC9C5C47C92727D6A59C27E029788814B6DDF13DE520E6CCFB588E359A3E3E35FACE1D002843011CB30C6770197D485E8037E9C7ADC86B50C08BBF21C602269C79E79846A5C1317C49AD83031E7CF943171EF13FB19FCC1F9D9A5699C314A509139B0A56910CE3D4924AA79FA20602E7D8FAFE66B6C20ECFE750D386E49988044FDD3EDF0A62B391E852BB1B61315941D08E9B99A80C393C43456717A2B039BA9E9D0785FD0C8F2355C7564C08979268467532271F54569A753E687238B068E302888413AF7C8A81E7194D2035914FE1C19D380C9C087098740FA841D19B7C18251FB5778BDF79E814F78C0585663D419FB720DD874EB7B6BF0E5EB1D2C8BEB9839A661E501AC22423ABF6A72BCE419972723D3B84675C882414A918C79E6D2F3E12B70F071A6734BA4041F77F8DAE35052A12030FCAD24211FF16499C615D95C025FC9A78989FF9AC605DD80A35A12E90F9CE241C449D20FA042BBDD52BFB884B2F7177BE52D28EB63B9BBC5DC523B64D69BCB99E3F607E2AB0FC095ACCF9EC780706DCBC4509F5900FD20DD81D315E8125E800D7B4119F58272D215E50E5DA4FFFC0EB4F0A3D96F2EE83720CF1C84787341E8DA1CF07788196A0B195BDB0BA8D9B5145F2C5D2EA7B8FF90AEA858934E17D516A2EB7535732032FE3E3668DC917B0E4AA87A2F2077B8B090925A40D7E485AE228BD42DD034EE804523C4135DC74164914E8F99D117BEE7DE79ACBC3DDB418F732FF0EDD0CB7BFB46DE137F05B2B9DAEA8034D0590DAD5758FDD9A36DF2A74AD5C627BCF5C13E98F39C1259F714373C01FD9DDD48E07BC49C75BBAF08846BA9F66499F3945FC917EE188D0F57BCB60AEAE34A9104748DDB8EDA4DCC9F4A166B2247F1BD4A4E51C2D02C12E8869F030309C6991D3F0A4E89B08953F650684327DF829C033FDC6AC2F0B958208B29976582526ED335614DD75100D07DAC0A354D65167BCE611D460F5C36DDBC1E94496516CCB9CF7A632B434F3DD626EC6A4AA5A27B7D13BE169C73464835F6E13135BF8226CCA871C59D289ADFAC8E5AF4CECDD8CFE21C8933C0CF5DAAC99D1876C246565CB10F02925B56246EBD48AE107C0EB21C1A6DFD7BD90396285A83A278588FA546EC41AC05AA999FB165AD5AD9C82E337E6F1858DC729D8B2B5D5785914A5CD2B9A9AA80CBA7386F96162653BAEEB75795C3D471993D59AAE02333A835CCA9B7910A79D2A3B8CD545B71AA5AA5B4AD9A9CF6F88AACD7188E6572DC498B318F13DCD30F73FDD4AF1B6358B6A8C800A7DAA69230C2242B28F4A268D4F482FA429E134916240CF8A68E5B1A56E9786A0EAF1259F42DE5ED53A75ACD08FFAF707461CA7F508BB335E705AED00D1D7E144E579E8DD2DCA8E04018F1773D0E4F3D16B8BCD0F1383B2F73B21E300ECFB348714B738424BD9B85489A9A63A85C6D1644B535474953B15998B4B1394E2ED59AC58A3B1E931E5DC038E15A811777E8C24559D70AB4A8BD3998CABC6691A2B6C7A136CCA80A66A40D73520573A203A392AF5918D5A66367955BCD9B59B53647DA264FB348DBD6E6482A3B9AC5516D6594B155F041A508B1E4ED4AA176DE7DEA39D7DA7BB7958BAD46D371B475087BDDED36F159ED74939B5DCFF7F6EECCD327811C5FC3C636402ACF5902531D07C3B75E68D69A5DBAA4EA7797CA17780C55778DBFE91695A2D2E290547A1A9D16A2D0711211EE7FFDA21422C6434C03ADF4429D283C7C1512DC41386030FF834D19C5F56E075C114E9720649C8F3547C7C351E1158EC3799DC212C2614DDFA9E85225AAE0A04681289A1D3F11D3D0D49AF5956CB298BF10DF7E22FE0F2ED9FCD8EDA5836E50F917096AB15ABC2CD0092B1F8CC6800BAA6FF35C10DA1926F32E401B9434F2EC0A31EA0E71D205225FFEEFB8D1F9127F27B06219BF1358BE54AFA08AC5FA5D98AD2BF39D5C5C6DB4A6E3E932201987B7B764A6C9A35ACF5ACAAECE702F3613F3CF68E2A931FBFD313BF7C8B8F171AF4E8D63E3AF7665EF160AA879DD85E76BEEFBAF16DD7A70DB3A6C2B0E559AB36FE264A340FD5BF05D2AAAFF4349B33637DBAD2CD6ADFEA45785AC7C48685F70EA45F8E1D5402B76F51DEA9087442F8DEDAD7FF87C635EED12FC4EB5CB72A5A197A264FC303A319D85877B1FFBD9B47B7F89B145D172A7C4BE2A9B55420EB3EAD9AC0AB9FBCC362FFB1D5635B3427FFD6A654FCBD7285496533F78DA33DFCF419723E86A0B117E5B87839D3BE7E998195F7ACAE1143452438ACFF92089834EE0CC9774496C89DD363E294571E737828FC761566101CE8CDF04721D485C32B80B967B0D2E745BBBE447D5D8BCCEE39B75F402651F4B4035292E016EF8E7803227D5FBA222C2AB8108FD611286867B29C37074F59A2295BF66520794982F75E3F7E0AE59E8FC6EF89CBC401BDD1E045CC28AD8AF2A83570FB27F23F2661F9F53B2F2892B128CED7CFC881C76DCCDC7FF007F16BEC2A6360000 , N'6.2.0-61023')
END

IF @CurrentMigration < '201805100517173_SeedingSkillsTable'
BEGIN
    
                    INSERT INTO dbo.Skills(Skill_Name) VALUES
                    ('Other'),
                    ('Confidence'),
                    ('Aptitude'),
                    ('Logic'),
                    ('Communication'),
                    ('Spoken'),
                    ('SCRUM'),
                    ('PM'),
                    ('Testing'),
                    ('Jenkins'),
                    ('Bit Bucket'),
                    ('SVN'),
                    ('GIT'),
                    ('CI'),
                    ('DevOps'),
                    ('Spring Caching'),
                    ('Hibernate'),
                    ('XML'),
                    ('JSON'),
                    ('JAX-RS'),
                    ('Spring Restful'),
                    ('C#'),
                    ('Java'),
                    ('Spring MVC'),
                    ('Spring'),
                    ('React'),
                    ('Restful'),
                    ('Angular 4'),
                    ('Angular 2'),
                    ('Angular 1'),
                    ('JQuery'),
                    ('Javascript'),
                    ('Bootstrap'),
                    ('CSS3'),
                    ('HTML5')
                
    INSERT [dbo].[__MigrationHistory]([MigrationId], [ContextKey], [Model], [ProductVersion])
    VALUES (N'201805100517173_SeedingSkillsTable', N'SkillsTracker.DAL.Migrations.Configuration',  0x1F8B0800000000000400CD5BDB6EE336107D2FD07F10F4D416592B765EDAC0DE45D6D92C8CE68638D9F62DA0A5B14384A25C910A1C14FDB23EF493FA0B1D5D28EB6A8B92921A0192989733C3E1E1703423FFFBF73FE34F1B97192FE00BEAF189391C1C9B0670DB73285F4DCC402E3FFC6C7EFAF8FD77E32F8EBB31BEA97127E1389CC9C5C47C92727D6A59C27E029788814B6DDF13DE520E6CCFB588E359A3E3E35FACE1D002843011CB30C6770197D485E8037E9C7ADC86B50C08BBF21C602269C79E79846A5C1317C49AD83031E7CF943171EF13FB19FCC1F9D9A5699C314A509139B0A56910CE3D4924AA79FA20602E7D8FAFE66B6C20ECFE750D386E49988044FDD3EDF0A62B391E852BB1B61315941D08E9B99A80C393C43456717A2B039BA9E9D0785FD0C8F2355C7564C08979268467532271F54569A753E687238B068E302888413AF7C8A81E7194D2035914FE1C19D380C9C087098740FA841D19B7C18251FB5778BDF79E814F78C0585663D419FB720DD874EB7B6BF0E5EB1D2C8BEB9839A661E501AC22423ABF6A72BCE419972723D3B84675C882414A918C79E6D2F3E12B70F071A6734BA4041F77F8DAE35052A12030FCAD24211FF16499C615D95C025FC9A78989FF9AC605DD80A35A12E90F9CE241C449D20FA042BBDD52BFB884B2F7177BE52D28EB63B9BBC5DC523B64D69BCB99E3F607E2AB0FC095ACCF9EC780706DCBC4509F5900FD20DD81D315E8125E800D7B4119F58272D215E50E5DA4FFFC0EB4F0A3D96F2EE83720CF1C84787341E8DA1CF07788196A0B195BDB0BA8D9B5145F2C5D2EA7B8FF90AEA858934E17D516A2EB7535732032FE3E3668DC917B0E4AA87A2F2077B8B090925A40D7E485AE228BD42DD034EE804523C4135DC74164914E8F99D117BEE7DE79ACBC3DDB418F732FF0EDD0CB7BFB46DE137F05B2B9DAEA8034D0590DAD5758FDD9A36DF2A74AD5C627BCF5C13E98F39C1259F714373C01FD9DDD48E07BC49C75BBAF08846BA9F66499F3945FC917EE188D0F57BCB60AEAE34A9104748DDB8EDA4DCC9F4A166B2247F1BD4A4E51C2D02C12E8869F030309C6991D3F0A4E89B08953F650684327DF829C033FDC6AC2F0B958208B29976582526ED335614DD75100D07DAC0A354D65167BCE611D460F5C36DDBC1E94496516CCB9CF7A632B434F3DD626EC6A4AA5A27B7D13BE169C73464835F6E13135BF8226CCA871C59D289ADFAC8E5AF4CECDD8CFE21C8933C0CF5DAAC99D1876C246565CB10F02925B56246EBD48AE107C0EB21C1A6DFD7BD90396285A83A278588FA546EC41AC05AA999FB165AD5AD9C82E337E6F1858DC729D8B2B5D5785914A5CD2B9A9AA80CBA7386F96162653BAEEB75795C3D471993D59AAE02333A835CCA9B7910A79D2A3B8CD545B71AA5AA5B4AD9A9CF6F88AACD7188E6572DC498B318F13DCD30F73FDD4AF1B6358B6A8C800A7DAA69230C2242B28F4A268D4F482FA429E134916240CF8A68E5B1A56E9786A0EAF1259F42DE5ED53A75ACD08FFAF707461CA7F508BB335E705AED00D1D7E144E579E8DD2DCA8E04018F1773D0E4F3D16B8BCD0F1383B2F73B21E300ECFB348714B738424BD9B85489A9A63A85C6D1644B535474953B15998B4B1394E2ED59AC58A3B1E931E5DC038E15A811777E8C24559D70AB4A8BD3998CABC6691A2B6C7A136CCA80A66A40D73520573A203A392AF5918D5A66367955BCD9B59B53647DA264FB348DBD6E6482A3B9AC5516D6594B155F041A508B1E4ED4AA176DE7DEA39D7DA7BB7958BAD46D371B475087BDDED36F159ED74939B5DCFF7F6EECCD327811C5FC3C636402ACF5902531D07C3B75E68D69A5DBAA4EA7797CA17780C55778DBFE91695A2D2E290547A1A9D16A2D0711211EE7FFDA21422C6434C03ADF4429D283C7C1512DC41386030FF834D19C5F56E075C114E9720649C8F3547C7C351E1158EC3799DC212C2614DDFA9E85225AAE0A04681289A1D3F11D3D0D49AF5956CB298BF10DF7E22FE0F2ED9FCD8EDA5836E50F917096AB15ABC2CD0092B1F8CC6800BAA6FF35C10DA1926F32E401B9434F2EC0A31EA0E71D205225FFEEFB8D1F9127F27B06219BF1358BE54AFA08AC5FA5D98AD2BF39D5C5C6DB4A6E3E932201987B7B764A6C9A35ACF5ACAAECE702F3613F3CF68E2A931FBFD313BF7C8B8F171AF4E8D63E3AF7665EF160AA879DD85E76BEEFBAF16DD7A70DB3A6C2B0E559AB36FE264A340FD5BF05D2AAAFF4349B33637DBAD2CD6ADFEA45785AC7C48685F70EA45F8E1D5402B76F51DEA9087442F8DEDAD7FF87C635EED12FC4EB5CB72A5A197A264FC303A319D85877B1FFBD9B47B7F89B145D172A7C4BE2A9B55420EB3EAD9AC0AB9FBCC362FFB1D5635B3427FFD6A654FCBD7285496533F78DA33DFCF419723E86A0B117E5B87839D3BE7E998195F7ACAE1143452438ACFF92089834EE0CC9774496C89DD363E294571E737828FC761566101CE8CDF04721D485C32B80B967B0D2E745BBBE447D5D8BCCEE39B75F402651F4B4035292E016EF8E7803227D5FBA222C2AB8108FD611286867B29C37074F59A2295BF66520794982F75E3F7E0AE59E8FC6EF89CBC401BDD1E045CC28AD8AF2A83570FB27F23F2661F9F53B2F2892B128CED7CFC881C76DCCDC7FF007F16BEC2A6360000 , N'6.2.0-61023')
END

IF @CurrentMigration < '201805100519489_SeedingAssociateTable'
BEGIN
    
                    INSERT INTO dbo.Associates(Associate_ID, Name, Email, Mobile, Picture, Status_Green, Status_Blue, Status_Red, Level_1, Level_2, Level_3, Remark, Strength, Weakness, Gender) VALUES 
                    (295380, 'Nakash Sheikh', 'Nakash.Sheikh@cognizant.com', '9880940088', NULL, 1, 0, 0, 1, 0, 0, 'Remark for Nakash', 'Strengths of Nakash', 'Weakness of Nakash', 'M'),
                    (295381, 'Tony Stark', 'Tony.Stark@cognizant.com', '9880940081', NULL, 0, 1, 0, 0, 1, 0, 'Remark for Tony', 'Strengths of Tony', 'Weakness of Tony', 'M'),
                    (295382, 'Pepper Potts', 'Pepper.Potts@cognizant.com', '9880940082', NULL, 1, 0, 0, 0, 0, 1, 'Remark for Pepper', 'Strengths of Pepper', 'Weakness of Pepper', 'F'),
                    (295383, 'Natasha Romanov', 'Natasha.Romanov@cognizant.com', '9880940083', NULL, 1, 0, 0, 1, 0, 0, 'Remark for Natasha', 'Strengths of Natash', 'Weakness of Natasha', 'F'),
                    (295384, 'Bruce Banner', 'Bruce.Banner@cognizant.com', '9880940084', NULL, 0, 0, 1, 0, 1, 0, 'Remark for Bruce', 'Strengths of Bruce', 'Weakness of Bruce', 'M'),
                    (295385, 'Jean Grey', 'Jean.Grey@cognizant.com', '9880940085', NULL, 0, 1, 0, 1, 0, 0, 'Remark for Jean', 'Strengths of Jean', 'Weakness of Jean', 'F'),
                    (295386, 'Scott Summers', 'Scott.Summers@cognizant.com', '9880940086', NULL, 1, 0, 0, 0, 0, 1, 'Remark for Summers', 'Strengths of Summers', 'Weakness of Summers', 'M'),
                    (295387, 'Steve Rogers', 'Steve.Rogers@cognizant.com', '9880940087', NULL, 1, 0, 0, 0, 1, 0, 'Remark for Steve', 'Strengths of Steve', 'Weakness of Steve', 'M'),
                    (295388, 'Aurora Thomas', 'Aurora.Thomas@cognizant.com', '9880940089', NULL, 0, 1, 0, 0, 0, 1, 'Remark for Aurora', 'Strengths of Aurora', 'Weakness of Aurora', 'F'),
                    (295389, 'Mathew Murdock', 'Mathew.Murdock@cognizant.com', '9880940091', NULL, 1, 0, 0, 1, 0, 0, 'Mathew for Jean', 'Strengths of Mathew', 'Weakness of Mathew', 'M'),
                    (295390, 'Peter Parker', 'Peter.Parker@cognizant.com', '9880940092', NULL, 0, 0, 1, 0, 0, 1, 'Remark for Peter', 'Strengths of Peter', 'Weakness of Peter', 'M'),
                    (295391, 'Mary Jane Watson', 'Mary.Jane@cognizant.com', '9880940093', NULL, 1, 0, 0, 1, 0, 0, 'Remark for Watson', 'Strengths of Watson', 'Weakness of Watson', 'F'),
                    (295392, 'Felishia Hardy', 'Felishia.Hardy@cognizant.com', '9880940094', NULL, 0, 0, 1, 0, 0, 1, 'Remark for Felishia', 'Strengths of Felishia', 'Weakness of Felishia', 'F'),
                    (295393, 'Charles Xavier', 'Charles.Xavier@cognizant.com', '9880940095', NULL, 1, 0, 0, 0, 1, 0, 'Remark for Charles', 'Strengths of Charles', 'Weakness of Charles', 'M'),
                    (295394, 'Susan Storm', 'Susan.Storm@cognizant.com', '9880940096', NULL, 0, 1, 0, 0, 0, 1, 'Remark for Susan', 'Strengths of Susan', 'Weakness of Susan', 'F'),
                    (295395, 'Richard Parker', 'Richard.Parker@cognizant.com', '9880940097', NULL, 1, 0, 0, 0, 1, 0, 'Remark for Richard', 'Strengths of Richard', 'Weakness of Richard', 'M'),
                    (295396, 'Ben Grimm', 'Ben.Grimm@cognizant.com', '9880940098', NULL, 0, 0, 1, 1, 0, 0, 'Remark for Grimm', 'Strengths of Grimm', 'Weakness of Grimm', 'M'),
                    (295397, 'Diana Hathway', 'Diana.Hathway@cognizant.com', '9880940099', NULL, 1, 0, 0, 0, 0, 1, 'Remark for Diana', 'Strengths of Diana', 'Weakness of Diana', 'F'),
                    (295398, 'Jaden Smith', 'Jaden.Smith@cognizant.com', '9880940061', NULL, 1, 0, 0, 0, 1, 0, 'Remark for Jaden', 'Strengths of Jaden', 'Weakness of Jaden', 'M'),
                    (295399, 'Robert Patrick', 'Robert.Patrick@cognizant.com', '9880940062', NULL, 0, 0, 1, 1, 0, 0, 'Remark for Patrick', 'Strengths of Patrick', 'Weakness of Patrick', 'M'),
                    (295400, 'Julian Asange', 'Julian.Asange@cognizant.com', '9880940063', NULL, 0, 1, 0, 0, 1, 0, 'Remark for Julian', 'Strengths of Julian', 'Weakness of Julian', 'M')                                    
                
    INSERT [dbo].[__MigrationHistory]([MigrationId], [ContextKey], [Model], [ProductVersion])
    VALUES (N'201805100519489_SeedingAssociateTable', N'SkillsTracker.DAL.Migrations.Configuration',  0x1F8B0800000000000400CD5BDB6EE336107D2FD07F10F4D416592B765EDAC0DE45D6D92C8CE68638D9F62DA0A5B14384A25C910A1C14FDB23EF493FA0B1D5D28EB6A8B92921A0192989733C3E1E1703423FFFBF73FE34F1B97192FE00BEAF189391C1C9B0670DB73285F4DCC402E3FFC6C7EFAF8FD77E32F8EBB31BEA97127E1389CC9C5C47C92727D6A59C27E029788814B6DDF13DE520E6CCFB588E359A3E3E35FACE1D002843011CB30C6770197D485E8037E9C7ADC86B50C08BBF21C602269C79E79846A5C1317C49AD83031E7CF943171EF13FB19FCC1F9D9A5699C314A509139B0A56910CE3D4924AA79FA20602E7D8FAFE66B6C20ECFE750D386E49988044FDD3EDF0A62B391E852BB1B61315941D08E9B99A80C393C43456717A2B039BA9E9D0785FD0C8F2355C7564C08979268467532271F54569A753E687238B068E302888413AF7C8A81E7194D2035914FE1C19D380C9C087098740FA841D19B7C18251FB5778BDF79E814F78C0585663D419FB720DD874EB7B6BF0E5EB1D2C8BEB9839A661E501AC22423ABF6A72BCE419972723D3B84675C882414A918C79E6D2F3E12B70F071A6734BA4041F77F8DAE35052A12030FCAD24211FF16499C615D95C025FC9A78989FF9AC605DD80A35A12E90F9CE241C449D20FA042BBDD52BFB884B2F7177BE52D28EB63B9BBC5DC523B64D69BCB99E3F607E2AB0FC095ACCF9EC780706DCBC4509F5900FD20DD81D315E8125E800D7B4119F58272D215E50E5DA4FFFC0EB4F0A3D96F2EE83720CF1C84787341E8DA1CF07788196A0B195BDB0BA8D9B5145F2C5D2EA7B8FF90AEA858934E17D516A2EB7535732032FE3E3668DC917B0E4AA87A2F2077B8B090925A40D7E485AE228BD42DD034EE804523C4135DC74164914E8F99D117BEE7DE79ACBC3DDB418F732FF0EDD0CB7BFB46DE137F05B2B9DAEA8034D0590DAD5758FDD9A36DF2A74AD5C627BCF5C13E98F39C1259F714373C01FD9DDD48E07BC49C75BBAF08846BA9F66499F3945FC917EE188D0F57BCB60AEAE34A9104748DDB8EDA4DCC9F4A166B2247F1BD4A4E51C2D02C12E8869F030309C6991D3F0A4E89B08953F650684327DF829C033FDC6AC2F0B958208B29976582526ED335614DD75100D07DAC0A354D65167BCE611D460F5C36DDBC1E94496516CCB9CF7A632B434F3DD626EC6A4AA5A27B7D13BE169C73464835F6E13135BF8226CCA871C59D289ADFAC8E5AF4CECDD8CFE21C8933C0CF5DAAC99D1876C246565CB10F02925B56246EBD48AE107C0EB21C1A6DFD7BD90396285A83A278588FA546EC41AC05AA999FB165AD5AD9C82E337E6F1858DC729D8B2B5D5785914A5CD2B9A9AA80CBA7386F96162653BAEEB75795C3D471993D59AAE02333A835CCA9B7910A79D2A3B8CD545B71AA5AA5B4AD9A9CF6F88AACD7188E6572DC498B318F13DCD30F73FDD4AF1B6358B6A8C800A7DAA69230C2242B28F4A268D4F482FA429E134916240CF8A68E5B1A56E9786A0EAF1259F42DE5ED53A75ACD08FFAF707461CA7F508BB335E705AED00D1D7E144E579E8DD2DCA8E04018F1773D0E4F3D16B8BCD0F1383B2F73B21E300ECFB348714B738424BD9B85489A9A63A85C6D1644B535474953B15998B4B1394E2ED59AC58A3B1E931E5DC038E15A811777E8C24559D70AB4A8BD3998CABC6691A2B6C7A136CCA80A66A40D73520573A203A392AF5918D5A66367955BCD9B59B53647DA264FB348DBD6E6482A3B9AC5516D6594B155F041A508B1E4ED4AA176DE7DEA39D7DA7BB7958BAD46D371B475087BDDED36F159ED74939B5DCFF7F6EECCD327811C5FC3C636402ACF5902531D07C3B75E68D69A5DBAA4EA7797CA17780C55778DBFE91695A2D2E290547A1A9D16A2D0711211EE7FFDA21422C6434C03ADF4429D283C7C1512DC41386030FF834D19C5F56E075C114E9720649C8F3547C7C351E1158EC3799DC212C2614DDFA9E85225AAE0A04681289A1D3F11D3D0D49AF5956CB298BF10DF7E22FE0F2ED9FCD8EDA5836E50F917096AB15ABC2CD0092B1F8CC6800BAA6FF35C10DA1926F32E401B9434F2EC0A31EA0E71D205225FFEEFB8D1F9127F27B06219BF1358BE54AFA08AC5FA5D98AD2BF39D5C5C6DB4A6E3E932201987B7B764A6C9A35ACF5ACAAECE702F3613F3CF68E2A931FBFD313BF7C8B8F171AF4E8D63E3AF7665EF160AA879DD85E76BEEFBAF16DD7A70DB3A6C2B0E559AB36FE264A340FD5BF05D2AAAFF4349B33637DBAD2CD6ADFEA45785AC7C48685F70EA45F8E1D5402B76F51DEA9087442F8DEDAD7FF87C635EED12FC4EB5CB72A5A197A264FC303A319D85877B1FFBD9B47B7F89B145D172A7C4BE2A9B55420EB3EAD9AC0AB9FBCC362FFB1D5635B3427FFD6A654FCBD7285496533F78DA33DFCF419723E86A0B117E5B87839D3BE7E998195F7ACAE1143452438ACFF92089834EE0CC9774496C89DD363E294571E737828FC761566101CE8CDF04721D485C32B80B967B0D2E745BBBE447D5D8BCCEE39B75F402651F4B4035292E016EF8E7803227D5FBA222C2AB8108FD611286867B29C37074F59A2295BF66520794982F75E3F7E0AE59E8FC6EF89CBC401BDD1E045CC28AD8AF2A83570FB27F23F2661F9F53B2F2892B128CED7CFC881C76DCCDC7FF007F16BEC2A6360000 , N'6.2.0-61023')
END

IF @CurrentMigration < '201805100522027_SeedAssociateSkillsTable'
BEGIN
    
                    INSERT INTO dbo.AssociateSkills(Associate_ID, Skill_ID, SkillRating) VALUES(295380, (SELECT Skill_ID FROM dbo.Skills WHERE Skill_Name = 'HTML5'), 15)
                    INSERT INTO dbo.AssociateSkills(Associate_ID, Skill_ID, SkillRating) VALUES(295380, (SELECT Skill_ID FROM dbo.Skills WHERE Skill_Name = 'CSS3'), 10)
                    INSERT INTO dbo.AssociateSkills(Associate_ID, Skill_ID, SkillRating) VALUES(295380, (SELECT Skill_ID FROM dbo.Skills WHERE Skill_Name = 'Java'), 5)
                    INSERT INTO dbo.AssociateSkills(Associate_ID, Skill_ID, SkillRating) VALUES(295380, (SELECT Skill_ID FROM dbo.Skills WHERE Skill_Name = 'C#'), 15)
                    INSERT INTO dbo.AssociateSkills(Associate_ID, Skill_ID, SkillRating) VALUES(295380, (SELECT Skill_ID FROM dbo.Skills WHERE Skill_Name = 'Angular 1'), 10)
                    INSERT INTO dbo.AssociateSkills(Associate_ID, Skill_ID, SkillRating) VALUES(295380, (SELECT Skill_ID FROM dbo.Skills WHERE Skill_Name = 'Angular 2'), 10)
                    INSERT INTO dbo.AssociateSkills(Associate_ID, Skill_ID, SkillRating) VALUES(295380, (SELECT Skill_ID FROM dbo.Skills WHERE Skill_Name = 'React'), 5)
                    INSERT INTO dbo.AssociateSkills(Associate_ID, Skill_ID, SkillRating) VALUES(295380, (SELECT Skill_ID FROM dbo.Skills WHERE Skill_Name = 'Restful'), 14)
    
                    INSERT INTO dbo.AssociateSkills(Associate_ID, Skill_ID, SkillRating) VALUES(295381, (SELECT Skill_ID FROM dbo.Skills WHERE Skill_Name = 'Spring'), 6)
                    INSERT INTO dbo.AssociateSkills(Associate_ID, Skill_ID, SkillRating) VALUES(295381, (SELECT Skill_ID FROM dbo.Skills WHERE Skill_Name = 'Bootstrap'), 12)
                    INSERT INTO dbo.AssociateSkills(Associate_ID, Skill_ID, SkillRating) VALUES(295381, (SELECT Skill_ID FROM dbo.Skills WHERE Skill_Name = 'DevOps'), 15)
                    INSERT INTO dbo.AssociateSkills(Associate_ID, Skill_ID, SkillRating) VALUES(295381, (SELECT Skill_ID FROM dbo.Skills WHERE Skill_Name = 'Testing'), 10)
    
                    INSERT INTO dbo.AssociateSkills(Associate_ID, Skill_ID, SkillRating) VALUES(295382, (SELECT Skill_ID FROM dbo.Skills WHERE Skill_Name = 'Spring Restful'), 10)
                    INSERT INTO dbo.AssociateSkills(Associate_ID, Skill_ID, SkillRating) VALUES(295382, (SELECT Skill_ID FROM dbo.Skills WHERE Skill_Name = 'JQuery'), 11)
                    INSERT INTO dbo.AssociateSkills(Associate_ID, Skill_ID, SkillRating) VALUES(295382, (SELECT Skill_ID FROM dbo.Skills WHERE Skill_Name = 'Javascript'), 12)
                    INSERT INTO dbo.AssociateSkills(Associate_ID, Skill_ID, SkillRating) VALUES(295382, (SELECT Skill_ID FROM dbo.Skills WHERE Skill_Name = 'Jenkins'), 13)
                    INSERT INTO dbo.AssociateSkills(Associate_ID, Skill_ID, SkillRating) VALUES(295382, (SELECT Skill_ID FROM dbo.Skills WHERE Skill_Name = 'Bit Bucket'), 14)
    
                    INSERT INTO dbo.AssociateSkills(Associate_ID, Skill_ID, SkillRating) VALUES(295383, (SELECT Skill_ID FROM dbo.Skills WHERE Skill_Name = 'PM'), 14)
                    INSERT INTO dbo.AssociateSkills(Associate_ID, Skill_ID, SkillRating) VALUES(295383, (SELECT Skill_ID FROM dbo.Skills WHERE Skill_Name = 'DevOps'), 13)
                    INSERT INTO dbo.AssociateSkills(Associate_ID, Skill_ID, SkillRating) VALUES(295383, (SELECT Skill_ID FROM dbo.Skills WHERE Skill_Name = 'React'), 12)
                    INSERT INTO dbo.AssociateSkills(Associate_ID, Skill_ID, SkillRating) VALUES(295383, (SELECT Skill_ID FROM dbo.Skills WHERE Skill_Name = 'CSS3'), 11)
    
                    INSERT INTO dbo.AssociateSkills(Associate_ID, Skill_ID, SkillRating) VALUES(295384, (SELECT Skill_ID FROM dbo.Skills WHERE Skill_Name = 'DevOps'), 15)
                    INSERT INTO dbo.AssociateSkills(Associate_ID, Skill_ID, SkillRating) VALUES(295384, (SELECT Skill_ID FROM dbo.Skills WHERE Skill_Name = 'CSS3'), 10)
                    INSERT INTO dbo.AssociateSkills(Associate_ID, Skill_ID, SkillRating) VALUES(295384, (SELECT Skill_ID FROM dbo.Skills WHERE Skill_Name = 'Java'), 5)
                    INSERT INTO dbo.AssociateSkills(Associate_ID, Skill_ID, SkillRating) VALUES(295384, (SELECT Skill_ID FROM dbo.Skills WHERE Skill_Name = 'C#'), 15)
                    INSERT INTO dbo.AssociateSkills(Associate_ID, Skill_ID, SkillRating) VALUES(295384, (SELECT Skill_ID FROM dbo.Skills WHERE Skill_Name = 'Angular 1'), 10)
                    INSERT INTO dbo.AssociateSkills(Associate_ID, Skill_ID, SkillRating) VALUES(295384, (SELECT Skill_ID FROM dbo.Skills WHERE Skill_Name = 'Angular 2'), 10)
                    INSERT INTO dbo.AssociateSkills(Associate_ID, Skill_ID, SkillRating) VALUES(295384, (SELECT Skill_ID FROM dbo.Skills WHERE Skill_Name = 'React'), 5)
                    INSERT INTO dbo.AssociateSkills(Associate_ID, Skill_ID, SkillRating) VALUES(295384, (SELECT Skill_ID FROM dbo.Skills WHERE Skill_Name = 'Restful'), 14)
    
                    INSERT INTO dbo.AssociateSkills(Associate_ID, Skill_ID, SkillRating) VALUES(295385, (SELECT Skill_ID FROM dbo.Skills WHERE Skill_Name = 'SVN'), 9)
                    INSERT INTO dbo.AssociateSkills(Associate_ID, Skill_ID, SkillRating) VALUES(295385, (SELECT Skill_ID FROM dbo.Skills WHERE Skill_Name = 'GIT'), 8)
                    INSERT INTO dbo.AssociateSkills(Associate_ID, Skill_ID, SkillRating) VALUES(295385, (SELECT Skill_ID FROM dbo.Skills WHERE Skill_Name = 'JAX-RS'), 10)
                    INSERT INTO dbo.AssociateSkills(Associate_ID, Skill_ID, SkillRating) VALUES(295385, (SELECT Skill_ID FROM dbo.Skills WHERE Skill_Name = 'JSON'), 11)
                    INSERT INTO dbo.AssociateSkills(Associate_ID, Skill_ID, SkillRating) VALUES(295385, (SELECT Skill_ID FROM dbo.Skills WHERE Skill_Name = 'Testing'), 7)
    
                    INSERT INTO dbo.AssociateSkills(Associate_ID, Skill_ID, SkillRating) VALUES(295386, (SELECT Skill_ID FROM dbo.Skills WHERE Skill_Name = 'Hibernate'), 6)
                    INSERT INTO dbo.AssociateSkills(Associate_ID, Skill_ID, SkillRating) VALUES(295386, (SELECT Skill_ID FROM dbo.Skills WHERE Skill_Name = 'Testing'), 7)
                    INSERT INTO dbo.AssociateSkills(Associate_ID, Skill_ID, SkillRating) VALUES(295386, (SELECT Skill_ID FROM dbo.Skills WHERE Skill_Name = 'Logic'), 12)
                    INSERT INTO dbo.AssociateSkills(Associate_ID, Skill_ID, SkillRating) VALUES(295386, (SELECT Skill_ID FROM dbo.Skills WHERE Skill_Name = 'CI'), 13)
    
                    INSERT INTO dbo.AssociateSkills(Associate_ID, Skill_ID, SkillRating) VALUES(295387, (SELECT Skill_ID FROM dbo.Skills WHERE Skill_Name = 'Spring Restful'), 4)
                    INSERT INTO dbo.AssociateSkills(Associate_ID, Skill_ID, SkillRating) VALUES(295387, (SELECT Skill_ID FROM dbo.Skills WHERE Skill_Name = 'XML'), 17)
                    INSERT INTO dbo.AssociateSkills(Associate_ID, Skill_ID, SkillRating) VALUES(295387, (SELECT Skill_ID FROM dbo.Skills WHERE Skill_Name = 'Angular 4'), 12)
                    INSERT INTO dbo.AssociateSkills(Associate_ID, Skill_ID, SkillRating) VALUES(295387, (SELECT Skill_ID FROM dbo.Skills WHERE Skill_Name = 'Angular 2'), 14)
    
                    INSERT INTO dbo.AssociateSkills(Associate_ID, Skill_ID, SkillRating) VALUES(295388, (SELECT Skill_ID FROM dbo.Skills WHERE Skill_Name = 'HTML5'), 15)
                    INSERT INTO dbo.AssociateSkills(Associate_ID, Skill_ID, SkillRating) VALUES(295388, (SELECT Skill_ID FROM dbo.Skills WHERE Skill_Name = 'CSS3'), 10)
                    INSERT INTO dbo.AssociateSkills(Associate_ID, Skill_ID, SkillRating) VALUES(295388, (SELECT Skill_ID FROM dbo.Skills WHERE Skill_Name = 'Java'), 5)
                    INSERT INTO dbo.AssociateSkills(Associate_ID, Skill_ID, SkillRating) VALUES(295388, (SELECT Skill_ID FROM dbo.Skills WHERE Skill_Name = 'C#'), 15)
                    INSERT INTO dbo.AssociateSkills(Associate_ID, Skill_ID, SkillRating) VALUES(295388, (SELECT Skill_ID FROM dbo.Skills WHERE Skill_Name = 'DevOps'), 10)
                    INSERT INTO dbo.AssociateSkills(Associate_ID, Skill_ID, SkillRating) VALUES(295388, (SELECT Skill_ID FROM dbo.Skills WHERE Skill_Name = 'Angular 2'), 10)
                    INSERT INTO dbo.AssociateSkills(Associate_ID, Skill_ID, SkillRating) VALUES(295388, (SELECT Skill_ID FROM dbo.Skills WHERE Skill_Name = 'React'), 5)
                    INSERT INTO dbo.AssociateSkills(Associate_ID, Skill_ID, SkillRating) VALUES(295388, (SELECT Skill_ID FROM dbo.Skills WHERE Skill_Name = 'Restful'), 14)
    
                    INSERT INTO dbo.AssociateSkills(Associate_ID, Skill_ID, SkillRating) VALUES(295389, (SELECT Skill_ID FROM dbo.Skills WHERE Skill_Name = 'C#'), 15)
                    INSERT INTO dbo.AssociateSkills(Associate_ID, Skill_ID, SkillRating) VALUES(295389, (SELECT Skill_ID FROM dbo.Skills WHERE Skill_Name = 'Angular 1'), 10)
                    INSERT INTO dbo.AssociateSkills(Associate_ID, Skill_ID, SkillRating) VALUES(295389, (SELECT Skill_ID FROM dbo.Skills WHERE Skill_Name = 'Angular 2'), 10)
                    INSERT INTO dbo.AssociateSkills(Associate_ID, Skill_ID, SkillRating) VALUES(295389, (SELECT Skill_ID FROM dbo.Skills WHERE Skill_Name = 'React'), 5)
                    INSERT INTO dbo.AssociateSkills(Associate_ID, Skill_ID, SkillRating) VALUES(295389, (SELECT Skill_ID FROM dbo.Skills WHERE Skill_Name = 'Restful'), 14)
    
                    INSERT INTO dbo.AssociateSkills(Associate_ID, Skill_ID, SkillRating) VALUES(295390, (SELECT Skill_ID FROM dbo.Skills WHERE Skill_Name = 'C#'), 15)
                    INSERT INTO dbo.AssociateSkills(Associate_ID, Skill_ID, SkillRating) VALUES(295390, (SELECT Skill_ID FROM dbo.Skills WHERE Skill_Name = 'SVN'), 10)
                    INSERT INTO dbo.AssociateSkills(Associate_ID, Skill_ID, SkillRating) VALUES(295390, (SELECT Skill_ID FROM dbo.Skills WHERE Skill_Name = 'Spring Caching'), 10)
                    INSERT INTO dbo.AssociateSkills(Associate_ID, Skill_ID, SkillRating) VALUES(295390, (SELECT Skill_ID FROM dbo.Skills WHERE Skill_Name = 'JSON'), 5)
                    INSERT INTO dbo.AssociateSkills(Associate_ID, Skill_ID, SkillRating) VALUES(295390, (SELECT Skill_ID FROM dbo.Skills WHERE Skill_Name = 'Logic'), 14)
    
                    INSERT INTO dbo.AssociateSkills(Associate_ID, Skill_ID, SkillRating) VALUES(295391, (SELECT Skill_ID FROM dbo.Skills WHERE Skill_Name = 'HTML5'), 15)
                    INSERT INTO dbo.AssociateSkills(Associate_ID, Skill_ID, SkillRating) VALUES(295391, (SELECT Skill_ID FROM dbo.Skills WHERE Skill_Name = 'CSS3'), 10)
                    INSERT INTO dbo.AssociateSkills(Associate_ID, Skill_ID, SkillRating) VALUES(295391, (SELECT Skill_ID FROM dbo.Skills WHERE Skill_Name = 'Angular 1'), 10)
                    INSERT INTO dbo.AssociateSkills(Associate_ID, Skill_ID, SkillRating) VALUES(295391, (SELECT Skill_ID FROM dbo.Skills WHERE Skill_Name = 'Angular 2'), 10)
                    INSERT INTO dbo.AssociateSkills(Associate_ID, Skill_ID, SkillRating) VALUES(295391, (SELECT Skill_ID FROM dbo.Skills WHERE Skill_Name = 'Java'), 5)
                    INSERT INTO dbo.AssociateSkills(Associate_ID, Skill_ID, SkillRating) VALUES(295391, (SELECT Skill_ID FROM dbo.Skills WHERE Skill_Name = 'C#'), 15)
                    INSERT INTO dbo.AssociateSkills(Associate_ID, Skill_ID, SkillRating) VALUES(295391, (SELECT Skill_ID FROM dbo.Skills WHERE Skill_Name = 'React'), 5)
                    INSERT INTO dbo.AssociateSkills(Associate_ID, Skill_ID, SkillRating) VALUES(295391, (SELECT Skill_ID FROM dbo.Skills WHERE Skill_Name = 'Spring MVC'), 14)
    
                    INSERT INTO dbo.AssociateSkills(Associate_ID, Skill_ID, SkillRating) VALUES(295392, (SELECT Skill_ID FROM dbo.Skills WHERE Skill_Name = 'CI'), 15)
                    INSERT INTO dbo.AssociateSkills(Associate_ID, Skill_ID, SkillRating) VALUES(295392, (SELECT Skill_ID FROM dbo.Skills WHERE Skill_Name = 'DevOps'), 15)
                    INSERT INTO dbo.AssociateSkills(Associate_ID, Skill_ID, SkillRating) VALUES(295392, (SELECT Skill_ID FROM dbo.Skills WHERE Skill_Name = 'Bit Bucket'), 10)
    
                    INSERT INTO dbo.AssociateSkills(Associate_ID, Skill_ID, SkillRating) VALUES(295393, (SELECT Skill_ID FROM dbo.Skills WHERE Skill_Name = 'SCRUM'), 10)
                    INSERT INTO dbo.AssociateSkills(Associate_ID, Skill_ID, SkillRating) VALUES(295393, (SELECT Skill_ID FROM dbo.Skills WHERE Skill_Name = 'PM'), 15)
                    INSERT INTO dbo.AssociateSkills(Associate_ID, Skill_ID, SkillRating) VALUES(295393, (SELECT Skill_ID FROM dbo.Skills WHERE Skill_Name = 'Testing'), 19)
                    INSERT INTO dbo.AssociateSkills(Associate_ID, Skill_ID, SkillRating) VALUES(295393, (SELECT Skill_ID FROM dbo.Skills WHERE Skill_Name = 'DevOps'), 8)
    
                    INSERT INTO dbo.AssociateSkills(Associate_ID, Skill_ID, SkillRating) VALUES(295394, (SELECT Skill_ID FROM dbo.Skills WHERE Skill_Name = 'C#'), 10)
                    INSERT INTO dbo.AssociateSkills(Associate_ID, Skill_ID, SkillRating) VALUES(295394, (SELECT Skill_ID FROM dbo.Skills WHERE Skill_Name = 'HTML5'), 15)
                    INSERT INTO dbo.AssociateSkills(Associate_ID, Skill_ID, SkillRating) VALUES(295394, (SELECT Skill_ID FROM dbo.Skills WHERE Skill_Name = 'Bootstrap'), 19)
                    INSERT INTO dbo.AssociateSkills(Associate_ID, Skill_ID, SkillRating) VALUES(295394, (SELECT Skill_ID FROM dbo.Skills WHERE Skill_Name = 'CSS3'), 8)
    
                    INSERT INTO dbo.AssociateSkills(Associate_ID, Skill_ID, SkillRating) VALUES(295395, (SELECT Skill_ID FROM dbo.Skills WHERE Skill_Name = 'Aptitude'), 20)
                    INSERT INTO dbo.AssociateSkills(Associate_ID, Skill_ID, SkillRating) VALUES(295395, (SELECT Skill_ID FROM dbo.Skills WHERE Skill_Name = 'Communication'), 15)
                    INSERT INTO dbo.AssociateSkills(Associate_ID, Skill_ID, SkillRating) VALUES(295395, (SELECT Skill_ID FROM dbo.Skills WHERE Skill_Name = 'CI'), 19)
                    INSERT INTO dbo.AssociateSkills(Associate_ID, Skill_ID, SkillRating) VALUES(295395, (SELECT Skill_ID FROM dbo.Skills WHERE Skill_Name = 'JQuery'), 8)
    
                    INSERT INTO dbo.AssociateSkills(Associate_ID, Skill_ID, SkillRating) VALUES(295395, (SELECT Skill_ID FROM dbo.Skills WHERE Skill_Name = 'GIT'), 20)
                    INSERT INTO dbo.AssociateSkills(Associate_ID, Skill_ID, SkillRating) VALUES(295395, (SELECT Skill_ID FROM dbo.Skills WHERE Skill_Name = 'SCRUM'), 15)
                    INSERT INTO dbo.AssociateSkills(Associate_ID, Skill_ID, SkillRating) VALUES(295395, (SELECT Skill_ID FROM dbo.Skills WHERE Skill_Name = 'Restful'), 19)
                    INSERT INTO dbo.AssociateSkills(Associate_ID, Skill_ID, SkillRating) VALUES(295395, (SELECT Skill_ID FROM dbo.Skills WHERE Skill_Name = 'Angular 2'), 8)
    
                    INSERT INTO dbo.AssociateSkills(Associate_ID, Skill_ID, SkillRating) VALUES(295396, (SELECT Skill_ID FROM dbo.Skills WHERE Skill_Name = 'HTML5'), 15)
                    INSERT INTO dbo.AssociateSkills(Associate_ID, Skill_ID, SkillRating) VALUES(295396, (SELECT Skill_ID FROM dbo.Skills WHERE Skill_Name = 'CSS3'), 10)
                    INSERT INTO dbo.AssociateSkills(Associate_ID, Skill_ID, SkillRating) VALUES(295396, (SELECT Skill_ID FROM dbo.Skills WHERE Skill_Name = 'Angular 1'), 10)
                    INSERT INTO dbo.AssociateSkills(Associate_ID, Skill_ID, SkillRating) VALUES(295396, (SELECT Skill_ID FROM dbo.Skills WHERE Skill_Name = 'Angular 2'), 10)
                    INSERT INTO dbo.AssociateSkills(Associate_ID, Skill_ID, SkillRating) VALUES(295396, (SELECT Skill_ID FROM dbo.Skills WHERE Skill_Name = 'Java'), 5)
                    INSERT INTO dbo.AssociateSkills(Associate_ID, Skill_ID, SkillRating) VALUES(295396, (SELECT Skill_ID FROM dbo.Skills WHERE Skill_Name = 'C#'), 15)
                    INSERT INTO dbo.AssociateSkills(Associate_ID, Skill_ID, SkillRating) VALUES(295396, (SELECT Skill_ID FROM dbo.Skills WHERE Skill_Name = 'React'), 5)
                    INSERT INTO dbo.AssociateSkills(Associate_ID, Skill_ID, SkillRating) VALUES(295396, (SELECT Skill_ID FROM dbo.Skills WHERE Skill_Name = 'Restful'), 14)
    
                    INSERT INTO dbo.AssociateSkills(Associate_ID, Skill_ID, SkillRating) VALUES(295397, (SELECT Skill_ID FROM dbo.Skills WHERE Skill_Name = 'Angular 1'), 10)
                    INSERT INTO dbo.AssociateSkills(Associate_ID, Skill_ID, SkillRating) VALUES(295397, (SELECT Skill_ID FROM dbo.Skills WHERE Skill_Name = 'Angular 2'), 10)
                    INSERT INTO dbo.AssociateSkills(Associate_ID, Skill_ID, SkillRating) VALUES(295397, (SELECT Skill_ID FROM dbo.Skills WHERE Skill_Name = 'Java'), 5)
    
                    INSERT INTO dbo.AssociateSkills(Associate_ID, Skill_ID, SkillRating) VALUES(295398, (SELECT Skill_ID FROM dbo.Skills WHERE Skill_Name = 'SVN'), 10)
                    INSERT INTO dbo.AssociateSkills(Associate_ID, Skill_ID, SkillRating) VALUES(295398, (SELECT Skill_ID FROM dbo.Skills WHERE Skill_Name = 'Hibernate'), 10)
                    INSERT INTO dbo.AssociateSkills(Associate_ID, Skill_ID, SkillRating) VALUES(295398, (SELECT Skill_ID FROM dbo.Skills WHERE Skill_Name = 'Javascript'), 5)
    
                    INSERT INTO dbo.AssociateSkills(Associate_ID, Skill_ID, SkillRating) VALUES(295399, (SELECT Skill_ID FROM dbo.Skills WHERE Skill_Name = 'Confidence'), 10)
                    INSERT INTO dbo.AssociateSkills(Associate_ID, Skill_ID, SkillRating) VALUES(295399, (SELECT Skill_ID FROM dbo.Skills WHERE Skill_Name = 'Other'), 10)
    
                    INSERT INTO dbo.AssociateSkills(Associate_ID, Skill_ID, SkillRating) VALUES(295400, (SELECT Skill_ID FROM dbo.Skills WHERE Skill_Name = 'HTML5'), 15)
                    INSERT INTO dbo.AssociateSkills(Associate_ID, Skill_ID, SkillRating) VALUES(295400, (SELECT Skill_ID FROM dbo.Skills WHERE Skill_Name = 'CSS3'), 10)
                    INSERT INTO dbo.AssociateSkills(Associate_ID, Skill_ID, SkillRating) VALUES(295400, (SELECT Skill_ID FROM dbo.Skills WHERE Skill_Name = 'Angular 1'), 10)
                    INSERT INTO dbo.AssociateSkills(Associate_ID, Skill_ID, SkillRating) VALUES(295400, (SELECT Skill_ID FROM dbo.Skills WHERE Skill_Name = 'Angular 2'), 10)
                    INSERT INTO dbo.AssociateSkills(Associate_ID, Skill_ID, SkillRating) VALUES(295400, (SELECT Skill_ID FROM dbo.Skills WHERE Skill_Name = 'Java'), 5)
                    INSERT INTO dbo.AssociateSkills(Associate_ID, Skill_ID, SkillRating) VALUES(295400, (SELECT Skill_ID FROM dbo.Skills WHERE Skill_Name = 'C#'), 15)
                    INSERT INTO dbo.AssociateSkills(Associate_ID, Skill_ID, SkillRating) VALUES(295400, (SELECT Skill_ID FROM dbo.Skills WHERE Skill_Name = 'React'), 5)
                    INSERT INTO dbo.AssociateSkills(Associate_ID, Skill_ID, SkillRating) VALUES(295400, (SELECT Skill_ID FROM dbo.Skills WHERE Skill_Name = 'Restful'), 14)
                
    INSERT [dbo].[__MigrationHistory]([MigrationId], [ContextKey], [Model], [ProductVersion])
    VALUES (N'201805100522027_SeedAssociateSkillsTable', N'SkillsTracker.DAL.Migrations.Configuration',  0x1F8B0800000000000400CD5BDB6EE336107D2FD07F10F4D416592B765EDAC0DE45D6D92C8CE68638D9F62DA0A5B14384A25C910A1C14FDB23EF493FA0B1D5D28EB6A8B92921A0192989733C3E1E1703423FFFBF73FE34F1B97192FE00BEAF189391C1C9B0670DB73285F4DCC402E3FFC6C7EFAF8FD77E32F8EBB31BEA97127E1389CC9C5C47C92727D6A59C27E029788814B6DDF13DE520E6CCFB588E359A3E3E35FACE1D002843011CB30C6770197D485E8037E9C7ADC86B50C08BBF21C602269C79E79846A5C1317C49AD83031E7CF943171EF13FB19FCC1F9D9A5699C314A509139B0A56910CE3D4924AA79FA20602E7D8FAFE66B6C20ECFE750D386E49988044FDD3EDF0A62B391E852BB1B61315941D08E9B99A80C393C43456717A2B039BA9E9D0785FD0C8F2355C7564C08979268467532271F54569A753E687238B068E302888413AF7C8A81E7194D2035914FE1C19D380C9C087098740FA841D19B7C18251FB5778BDF79E814F78C0585663D419FB720DD874EB7B6BF0E5EB1D2C8BEB9839A661E501AC22423ABF6A72BCE419972723D3B84675C882414A918C79E6D2F3E12B70F071A6734BA4041F77F8DAE35052A12030FCAD24211FF16499C615D95C025FC9A78989FF9AC605DD80A35A12E90F9CE241C449D20FA042BBDD52BFB884B2F7177BE52D28EB63B9BBC5DC523B64D69BCB99E3F607E2AB0FC095ACCF9EC780706DCBC4509F5900FD20DD81D315E8125E800D7B4119F58272D215E50E5DA4FFFC0EB4F0A3D96F2EE83720CF1C84787341E8DA1CF07788196A0B195BDB0BA8D9B5145F2C5D2EA7B8FF90AEA858934E17D516A2EB7535732032FE3E3668DC917B0E4AA87A2F2077B8B090925A40D7E485AE228BD42DD034EE804523C4135DC74164914E8F99D117BEE7DE79ACBC3DDB418F732FF0EDD0CB7BFB46DE137F05B2B9DAEA8034D0590DAD5758FDD9A36DF2A74AD5C627BCF5C13E98F39C1259F714373C01FD9DDD48E07BC49C75BBAF08846BA9F66499F3945FC917EE188D0F57BCB60AEAE34A9104748DDB8EDA4DCC9F4A166B2247F1BD4A4E51C2D02C12E8869F030309C6991D3F0A4E89B08953F650684327DF829C033FDC6AC2F0B958208B29976582526ED335614DD75100D07DAC0A354D65167BCE611D460F5C36DDBC1E94496516CCB9CF7A632B434F3DD626EC6A4AA5A27B7D13BE169C73464835F6E13135BF8226CCA871C59D289ADFAC8E5AF4CECDD8CFE21C8933C0CF5DAAC99D1876C246565CB10F02925B56246EBD48AE107C0EB21C1A6DFD7BD90396285A83A278588FA546EC41AC05AA999FB165AD5AD9C82E337E6F1858DC729D8B2B5D5785914A5CD2B9A9AA80CBA7386F96162653BAEEB75795C3D471993D59AAE02333A835CCA9B7910A79D2A3B8CD545B71AA5AA5B4AD9A9CF6F88AACD7188E6572DC498B318F13DCD30F73FDD4AF1B6358B6A8C800A7DAA69230C2242B28F4A268D4F482FA429E134916240CF8A68E5B1A56E9786A0EAF1259F42DE5ED53A75ACD08FFAF707461CA7F508BB335E705AED00D1D7E144E579E8DD2DCA8E04018F1773D0E4F3D16B8BCD0F1383B2F73B21E300ECFB348714B738424BD9B85489A9A63A85C6D1644B535474953B15998B4B1394E2ED59AC58A3B1E931E5DC038E15A811777E8C24559D70AB4A8BD3998CABC6691A2B6C7A136CCA80A66A40D73520573A203A392AF5918D5A66367955BCD9B59B53647DA264FB348DBD6E6482A3B9AC5516D6594B155F041A508B1E4ED4AA176DE7DEA39D7DA7BB7958BAD46D371B475087BDDED36F159ED74939B5DCFF7F6EECCD327811C5FC3C636402ACF5902531D07C3B75E68D69A5DBAA4EA7797CA17780C55778DBFE91695A2D2E290547A1A9D16A2D0711211EE7FFDA21422C6434C03ADF4429D283C7C1512DC41386030FF834D19C5F56E075C114E9720649C8F3547C7C351E1158EC3799DC212C2614DDFA9E85225AAE0A04681289A1D3F11D3D0D49AF5956CB298BF10DF7E22FE0F2ED9FCD8EDA5836E50F917096AB15ABC2CD0092B1F8CC6800BAA6FF35C10DA1926F32E401B9434F2EC0A31EA0E71D205225FFEEFB8D1F9127F27B06219BF1358BE54AFA08AC5FA5D98AD2BF39D5C5C6DB4A6E3E932201987B7B764A6C9A35ACF5ACAAECE702F3613F3CF68E2A931FBFD313BF7C8B8F171AF4E8D63E3AF7665EF160AA879DD85E76BEEFBAF16DD7A70DB3A6C2B0E559AB36FE264A340FD5BF05D2AAAFF4349B33637DBAD2CD6ADFEA45785AC7C48685F70EA45F8E1D5402B76F51DEA9087442F8DEDAD7FF87C635EED12FC4EB5CB72A5A197A264FC303A319D85877B1FFBD9B47B7F89B145D172A7C4BE2A9B55420EB3EAD9AC0AB9FBCC362FFB1D5635B3427FFD6A654FCBD7285496533F78DA33DFCF419723E86A0B117E5B87839D3BE7E998195F7ACAE1143452438ACFF92089834EE0CC9774496C89DD363E294571E737828FC761566101CE8CDF04721D485C32B80B967B0D2E745BBBE447D5D8BCCEE39B75F402651F4B4035292E016EF8E7803227D5FBA222C2AB8108FD611286867B29C37074F59A2295BF66520794982F75E3F7E0AE59E8FC6EF89CBC401BDD1E045CC28AD8AF2A83570FB27F23F2661F9F53B2F2892B128CED7CFC881C76DCCDC7FF007F16BEC2A6360000 , N'6.2.0-61023')
END


IF EXISTS (SELECT * FROM dbo.sysobjects WHERE id = object_id(N'[dbo].[sp_GetDashboardData]') and OBJECTPROPERTY(id, N'IsProcedure') = 1)
BEGIN
  DROP PROCEDURE [dbo].[sp_GetDashboardData]
END
GO

CREATE PROCEDURE sp_GetDashboardData
AS
BEGIN
	DECLARE @TotalCandidates INT
	DECLARE	@TotalNumberOfFemaleCandidates INT
	DECLARE	@TotalNumberOfMaleCandidates INT
	DECLARE	@TotalNumberOfFreshers INT
	DECLARE @TotalNumberOfL1Candidates INT
	DECLARE @TotalNumberOfL2Candidates INT
	DECLARE @TotalNumberOfL3Candidates INT
	DECLARE @TotalNumberOfCandidatesRated INT
	DECLARE @TotalNumberOfFemaleCandidatesRated INT
	DECLARE @TotalNumberOfMaleCandidatesRated INT
	
	DECLARE @TotalHTML5Candidates INT
	DECLARE @TotalCSS3Candidates INT
	DECLARE @TotalJavaCandidates INT
	DECLARE @TotalCSharpCandidates INT
	DECLARE @TotalRestfulCandidates INT
	DECLARE @TotalAngular1Candidates INT
	DECLARE @TotalAngular2Candidates INT
	DECLARE @TotalReactCandidates INT

	SELECT @TotalCandidates = COUNT(*) FROM dbo.Associates

	SELECT @TotalNumberOfFemaleCandidates = COUNT(*) FROM dbo.Associates WHERE Gender = 'F'

	SELECT @TotalNumberOfMaleCandidates = COUNT(*) FROM dbo.Associates WHERE Gender = 'M'

	SELECT @TotalNumberOfFreshers = COUNT(*) FROM dbo.Associates WHERE Level_1 = 1

	SELECT @TotalNumberOfCandidatesRated = COUNT(DISTINCT(Associate_ID)) FROM dbo.AssociateSkills

	SELECT @TotalNumberOfFemaleCandidatesRated = COUNT(DISTINCT(ASTS.Associate_ID)) FROM dbo.AssociateSkills ASTS
		LEFT JOIN dbo.Associates AST ON ASTS.Associate_ID = AST.Associate_ID
	WHERE AST.Gender = 'F'

	SELECT @TotalNumberOfMaleCandidatesRated = COUNT(DISTINCT(ASTS.Associate_ID)) FROM dbo.AssociateSkills ASTS
		LEFT JOIN dbo.Associates AST ON ASTS.Associate_ID = AST.Associate_ID
	WHERE AST.Gender = 'M'

	SELECT @TotalNumberOfL1Candidates = @TotalNumberOfFreshers

	SELECT @TotalNumberOfL2Candidates = COUNT(*) FROM dbo.Associates WHERE Level_2 = 1

	SELECT @TotalNumberOfL3Candidates = COUNT(*) FROM dbo.Associates WHERE Level_3 = 1

	-- For Tiles
	SELECT
		@TotalCandidates AS [RegisteredCandidates],
		CAST(ROUND(CAST(@TotalNumberOfFemaleCandidates*100.0 / @TotalCandidates AS DECIMAL(10,2)), 0) AS INT) AS [PercentageOfFemaleCandidates],
		CAST(ROUND(CAST(@TotalNumberOfMaleCandidates*100.0 / @TotalCandidates AS DECIMAL(10,2)), 0) AS INT) AS [PercentageOfMaleCandidates],
		CAST(ROUND(CAST(@TotalNumberOfFreshers*100.0 / @TotalCandidates AS DECIMAL(10,2)), 0) AS INT) AS [PercentageOfFreshers],
		@TotalNumberOfCandidatesRated AS [CandidatesRated],
		CAST(ROUND(CAST(@TotalNumberOfFemaleCandidatesRated*100.0 / @TotalNumberOfCandidatesRated AS DECIMAL(10,2)), 0) AS INT) AS [PercentageOfFemaleCandidatesRated],
		CAST(ROUND(CAST(@TotalNumberOfMaleCandidatesRated*100.0 / @TotalNumberOfCandidatesRated AS DECIMAL(10,2)), 0) AS INT) AS [PercentageOfMaleCandidatesRated],
		CAST(ROUND(CAST(@TotalNumberOfL1Candidates*100.0 / @TotalCandidates AS DECIMAL(10,2)), 0) AS INT) AS [PercentageOfLevel1Candidates],
		CAST(ROUND(CAST(@TotalNumberOfL2Candidates*100.0 / @TotalCandidates AS DECIMAL(10,2)), 0) AS INT) AS [PercentageOfLevel2Candidates],
		CAST(ROUND(CAST(@TotalNumberOfL3Candidates*100.0 / @TotalCandidates AS DECIMAL(10,2)), 0) AS INT) AS [PercentageOfLevel3Candidates]

	-- For Chart
	SELECT @TotalHTML5Candidates = COUNT(*) FROM dbo.AssociateSkills ASK
	LEFT JOIN dbo.Skills SK
		ON ASK.Skill_ID = SK.Skill_ID
	WHERE SK.Skill_Name LIKE '%HTML5%'

	SELECT @TotalCSS3Candidates = COUNT(*) FROM dbo.AssociateSkills ASK
	LEFT JOIN dbo.Skills SK
		ON ASK.Skill_ID = SK.Skill_ID
	WHERE SK.Skill_Name LIKE '%CSS3%'

	SELECT @TotalJavaCandidates = COUNT(*) FROM dbo.AssociateSkills ASK
	LEFT JOIN dbo.Skills SK
		ON ASK.Skill_ID = SK.Skill_ID
	WHERE SK.Skill_Name LIKE '%Java%'

	SELECT @TotalCSharpCandidates = COUNT(*) FROM dbo.AssociateSkills ASK
	LEFT JOIN dbo.Skills SK
		ON ASK.Skill_ID = SK.Skill_ID
	WHERE SK.Skill_Name LIKE '%C#%'

	SELECT @TotalRestfulCandidates = COUNT(*) FROM dbo.AssociateSkills ASK
	LEFT JOIN dbo.Skills SK
		ON ASK.Skill_ID = SK.Skill_ID
	WHERE SK.Skill_Name LIKE '%Restful%'

	SELECT @TotalAngular1Candidates = COUNT(*) FROM dbo.AssociateSkills ASK
	LEFT JOIN dbo.Skills SK
		ON ASK.Skill_ID = SK.Skill_ID
	WHERE SK.Skill_Name LIKE '%Angular 1%'

	SELECT @TotalAngular2Candidates = COUNT(*) FROM dbo.AssociateSkills ASK
	LEFT JOIN dbo.Skills SK
		ON ASK.Skill_ID = SK.Skill_ID
	WHERE SK.Skill_Name LIKE '%Angular 2%'

	SELECT @TotalReactCandidates = COUNT(*) FROM dbo.AssociateSkills ASK
	LEFT JOIN dbo.Skills SK
		ON ASK.Skill_ID = SK.Skill_ID
	WHERE SK.Skill_Name LIKE '%React%'

	DECLARE @TotalSkillsCount INT
	SELECT @TotalSkillsCount = (@TotalHTML5Candidates + @TotalCSS3Candidates + @TotalJavaCandidates + @TotalCSharpCandidates + @TotalRestfulCandidates + @TotalAngular1Candidates + @TotalAngular2Candidates + @TotalReactCandidates)


	SELECT
		CAST(CAST(@TotalHTML5Candidates*100.0 / @TotalSkillsCount AS DECIMAL(10,2)) / 100 AS DECIMAL(10,2)) AS [PercentageOfHTML5Candidates],
		CAST(CAST(@TotalCSS3Candidates*100.0 / @TotalSkillsCount AS DECIMAL(10,2)) / 100 AS DECIMAL(10,2)) AS [PercentageOfCSS3Candidates],
		CAST(CAST(@TotalJavaCandidates*100.0 / @TotalSkillsCount AS DECIMAL(10,2)) / 100 AS DECIMAL(10,2)) AS [PercentageOfJavaCandidates],
		CAST(CAST(@TotalCSharpCandidates*100.0 / @TotalSkillsCount AS DECIMAL(10,2)) / 100 AS DECIMAL(10,2)) AS [PercentageOfCSharpCandidates],
		CAST(CAST(@TotalRestfulCandidates*100.0 / @TotalSkillsCount AS DECIMAL(10,2)) / 100 AS DECIMAL(10,2)) AS [PercentageOfRestfulCandidates],
		CAST(CAST(@TotalAngular1Candidates*100.0 / @TotalSkillsCount AS DECIMAL(10,2)) / 100 AS DECIMAL(10,2)) AS [PercentageOfAngular1Candidates],
		CAST(CAST(@TotalAngular2Candidates*100.0 / @TotalSkillsCount AS DECIMAL(10,2)) / 100 AS DECIMAL(10,2)) AS [PercentageOfAngular2Candidates],
		CAST(CAST(@TotalReactCandidates*100.0 / @TotalSkillsCount AS DECIMAL(10,2)) / 100 AS DECIMAL(10,2)) AS [PercentageOfReactCandidates]

	--For Table
	SELECT Associate_ID [AssociateID], AST.Name, AST.Email, AST.Mobile, AST.Picture, 
	CASE 
		WHEN AST.Status_Green = 1 THEN 'GREEN'
		WHEN AST.Status_Blue = 1 THEN 'BLUE'
		WHEN AST.Status_Red = 1 THEN 'RED'
	END AS Status,
	Skills = STUFF  
	( 
		(
		SELECT DISTINCT ', '+ CAST(SK.Skill_Name AS VARCHAR(MAX)) FROM dbo.AssociateSkills ASK
		LEFT JOIN dbo.Skills SK
			ON ASK.Skill_ID = SK.Skill_ID
		WHERE ASK.Associate_ID = AST.Associate_ID   
		  FOR XMl PATH('')
		),1,1,''
	)
	FROM dbo.Associates AST  
	GROUP BY Associate_ID, AST.Name, AST.Email, AST.Mobile, AST.Picture, AST.Status_Green, AST.Status_Blue, AST.Status_Red
END